image	max_pumps	pump_loop.thisRepN	pump_loop.thisTrialN	pump_loop.thisN	pump_loop.thisIndex	thisRow.t	notes	Start.started	text_start.started	continue_start.started	mouse_start.started	Start.stopped	mouse_start.x	mouse_start.y	mouse_start.leftButton	mouse_start.midButton	mouse_start.rightButton	mouse_start.time	trials.started	stim_balloon.started	stim_balloon_burst.started	stim_balloon_burst.stopped	text_ballon_value.started	text_bank.started	mouse.started	sound_bang.started	sound_bang.stopped	button_balloon.started	trials.stopped	n_pumps	earnings	popped	mouse.x	mouse.y	mouse.leftButton	mouse.midButton	mouse.rightButton	mouse.time	button_balloon.numClicks	button_balloon.timesOn	button_balloon.timesOff	Feedback.started	text_feedback.started	Feedback.stopped	text_feedback.stopped	End.started	text_end.started	key_end.started	End.stopped	key_end.keys	key_end.rt	key_end.duration	participant	session	date	expName	psychopyVersion	frameRate	expStart	
								0.03592230000140262	0.04624750000039057	0.04624750000039057	0.036271900000429014	56.96750780000002	[0.6944444444444444]	[-0.4305555555555556]	[1]	[0]	[0]	[56.930622400001084]																																			16	03	2024-02-08_11h29.44.527	BART_exp	2023.2.3	119.96967166738456	2024-02-08 11h30.03.067115 +0100	
balloon.png	92	0	0	0	21	57.041848000000755													56.97509100000025	57.041848000000755	57.041848000000755	57.041848000000755	57.041848000000755	57.041848000000755	0.009229999999661231	0.009229999999661231	0.009229999999661231	57.041848000000755	65.37759000000005	26	1.30	False	"[0.05648148148148148, 0.05648148148148148, 0.05648148148148148, 0.05648148148148148, 0.05555555555555555, 0.05555555555555555, 0.05555555555555555, 0.05555555555555555, 0.05555555555555555, 0.05555555555555555, 0.05555555555555555, 0.05555555555555555, 0.05555555555555555, 0.05555555555555555, 0.05555555555555555, 0.05555555555555555, 0.05555555555555555, 0.05555555555555555, 0.05555555555555555, 0.05555555555555555, 0.05555555555555555, 0.05555555555555555, 0.05555555555555555, 0.05555555555555555, 0.05555555555555555, 0.05555555555555555, -0.7092592592592593]"	"[-0.3962962962962963, -0.3962962962962963, -0.3962962962962963, -0.3962962962962963, -0.3962962962962963, -0.3962962962962963, -0.3962962962962963, -0.3962962962962963, -0.3962962962962963, -0.3962962962962963, -0.3962962962962963, -0.3962962962962963, -0.3962962962962963, -0.3962962962962963, -0.3962962962962963, -0.3962962962962963, -0.3962962962962963, -0.3962962962962963, -0.3962962962962963, -0.3962962962962963, -0.3962962962962963, -0.3962962962962963, -0.3962962962962963, -0.3962962962962963, -0.3962962962962963, -0.3962962962962963, 0.40370370370370373]"	"[1, 1, 1, 1, 1, 1, 1, 1, 1, 1, 1, 1, 1, 1, 1, 1, 1, 1, 1, 1, 1, 1, 1, 1, 1, 1, 0]"	"[0, 0, 0, 0, 0, 0, 0, 0, 0, 0, 0, 0, 0, 0, 0, 0, 0, 0, 0, 0, 0, 0, 0, 0, 0, 0, 0]"	"[0, 0, 0, 0, 0, 0, 0, 0, 0, 0, 0, 0, 0, 0, 0, 0, 0, 0, 0, 0, 0, 0, 0, 0, 0, 0, 1]"	"[2.426209100000051, 2.601019699999597, 2.7675882000003185, 2.901083500000823, 3.026182499999777, 3.192605000000185, 3.334328500000993, 3.4679625000007945, 3.817775299999994, 3.9843242000006285, 4.101188399999955, 4.40974660000029, 4.567749699999695, 4.684544800000367, 5.009655300000304, 5.184423400000014, 5.334474799999953, 5.467935900000157, 5.61795820000043, 5.792788900000232, 5.9594783000011375, 6.109617800000706, 6.259645800000726, 6.659682200001043, 6.809652600000845, 7.218013699999574, 8.401533899999777]"	26	"[2.3753286999999546, 2.5501337999994576, 2.716706199998953, 2.8501964999995835, 2.975305699999808, 3.141720300000088, 3.2834519000007276, 3.417086499999641, 3.766894399999728, 3.933436999999685, 4.050302899999224, 4.358860500000446, 4.516867099999217, 4.633658900000228, 4.958770799999911, 5.133543500000087, 5.283587899999475, 5.417053400000441, 5.5670764000005875, 5.7419040000004316, 5.908601099999942, 6.0587295000004815, 6.208758299999317, 6.608798999999635, 6.75877009999931, 7.167132799999308]"	"[2.483218499999566, 2.6082052999990992, 2.7915510999991966, 2.933223399999406, 3.0832962000004045, 3.233271099999911, 3.3749612999999954, 3.5249332999992475, 3.841614099999788, 3.983317899999747, 4.266676400000506, 4.425057299999025, 4.566662999999608, 4.733344000000216, 5.041858299999149, 5.1834082000004855, 5.350074100000711, 5.525090499999351, 5.675069799999619, 5.8335016000000905, 5.975108299999192, 6.133518000000549, 6.2917870999990555, 6.666840899999443, 6.8168227999995, 7.266892399999051]"	65.37904020000133	65.39242620000005	66.88424850000047									16	03	2024-02-08_11h29.44.527	BART_exp	2023.2.3	119.96967166738456	2024-02-08 11h30.03.067115 +0100	
balloon.png	66	0	1	1	15	66.90920480000023													66.88443910000024	66.90920480000023	66.90920480000023	66.90920480000023	66.90920480000023	66.90920480000023	0.006717700000081095	0.006717700000081095	0.006717700000081095	66.90920480000023	73.44473430000107	30	1.50	False	"[0.041666666666666664, 0.041666666666666664, 0.041666666666666664, 0.041666666666666664, 0.041666666666666664, 0.041666666666666664, 0.041666666666666664, 0.041666666666666664, 0.041666666666666664, 0.041666666666666664, 0.041666666666666664, 0.041666666666666664, 0.041666666666666664, 0.041666666666666664, 0.041666666666666664, 0.041666666666666664, 0.041666666666666664, 0.041666666666666664, 0.041666666666666664, 0.041666666666666664, 0.041666666666666664, 0.041666666666666664, 0.041666666666666664, 0.041666666666666664, 0.041666666666666664, 0.041666666666666664, 0.041666666666666664, 0.041666666666666664, 0.041666666666666664, 0.041666666666666664, -0.7444444444444445]"	"[-0.39444444444444443, -0.39444444444444443, -0.39444444444444443, -0.39444444444444443, -0.39444444444444443, -0.39444444444444443, -0.39444444444444443, -0.39444444444444443, -0.39444444444444443, -0.39444444444444443, -0.39444444444444443, -0.39444444444444443, -0.39444444444444443, -0.39444444444444443, -0.39444444444444443, -0.39444444444444443, -0.39444444444444443, -0.39444444444444443, -0.39444444444444443, -0.39444444444444443, -0.39444444444444443, -0.39444444444444443, -0.39444444444444443, -0.39444444444444443, -0.39444444444444443, -0.39444444444444443, -0.39444444444444443, -0.39444444444444443, -0.39444444444444443, -0.39444444444444443, 0.36666666666666664]"	"[1, 1, 1, 1, 1, 1, 1, 1, 1, 1, 1, 1, 1, 1, 1, 1, 1, 1, 1, 1, 1, 1, 1, 1, 1, 1, 1, 1, 1, 1, 0]"	"[0, 0, 0, 0, 0, 0, 0, 0, 0, 0, 0, 0, 0, 0, 0, 0, 0, 0, 0, 0, 0, 0, 0, 0, 0, 0, 0, 0, 0, 0, 0]"	"[0, 0, 0, 0, 0, 0, 0, 0, 0, 0, 0, 0, 0, 0, 0, 0, 0, 0, 0, 0, 0, 0, 0, 0, 0, 0, 0, 0, 0, 0, 1]"	"[0.4671072999990429, 0.6254595999998855, 0.8004526999993686, 0.9423095000001922, 1.0922718000001623, 1.2422128999987763, 1.4006637000002229, 1.5591272999990906, 1.7089911999992182, 1.8588980000004085, 2.0090072999992117, 2.1507757999988826, 2.3090735000005225, 2.475566400000389, 2.642306699999608, 2.800746799999615, 3.100842499999999, 3.350839700000506, 3.5091441000004124, 3.6839765000004263, 3.858992199999193, 4.000716700000339, 4.167528300000413, 4.33423109999967, 4.48403800000051, 4.809087499999805, 4.959245899999587, 5.1175953000001755, 5.275880799999868, 5.450800499998877, 6.559367199999542]"	30	"[0.4553909999995085, 0.6137374000009004, 0.7887294000011025, 0.9305815000006987, 1.080550900000162, 1.2304930000009335, 1.388944199999969, 1.5474018000004435, 1.697269000000233, 1.8471764999994775, 1.9972923999994237, 2.1390561000007438, 2.297349700000268, 2.4638372999997955, 2.630588899999566, 2.7890243000001647, 3.0891167000008863, 3.339111999999659, 3.497420300000158, 3.672253799999453, 3.8472662000003766, 3.9890016999997897, 4.155805300000793, 4.322503600000346, 4.472311900000932, 4.7973639000010735, 4.94752569999946, 5.105864700000893, 5.26415679999991, 5.439074400001118]"	"[0.48854910000045493, 0.7135732000006101, 0.8802656999996543, 1.0302575999994588, 1.1719370999999228, 1.3219463999994332, 1.4720883000009053, 1.6386615000010352, 1.7803775000011228, 1.930390499999703, 2.080455700001039, 2.247178100000383, 2.3970385000011447, 2.5720665999997436, 2.7138104000005114, 2.8720647000009194, 3.2139748000008694, 3.4554404000009526, 3.588840700000219, 3.7804636000000755, 3.9305076000000554, 4.088824500000555, 4.255513800000699, 4.414001400000416, 4.580535700000837, 4.880544699999518, 5.04721790000076, 5.2055662000002485, 5.380567500000325, 5.5723588000000746]"	73.4458966000002	73.45132620000004	74.94330980000086	74.9514661000012								16	03	2024-02-08_11h29.44.527	BART_exp	2023.2.3	119.96967166738456	2024-02-08 11h30.03.067115 +0100	
balloon.png	23	0	2	2	5	74.9514661000012													74.94349220000004	74.9514661000012	74.9514661000012	74.9514661000012	74.9514661000012	74.9514661000012	0.005629400000543683	0.005629400000543683	0.005629400000543683	74.9514661000012	79.58704860000034	24	1.15	True	"[-0.09814814814814815, -0.09814814814814815, -0.09814814814814815, -0.09814814814814815, -0.09814814814814815, -0.09814814814814815, -0.09814814814814815, -0.09814814814814815, -0.09814814814814815, -0.09814814814814815, -0.09814814814814815, -0.09814814814814815, -0.09814814814814815, -0.09814814814814815, -0.09814814814814815, -0.09814814814814815, -0.09814814814814815, -0.09814814814814815, -0.09814814814814815, -0.09814814814814815, -0.09814814814814815, -0.09814814814814815, -0.09814814814814815, -0.09814814814814815]"	"[-0.4222222222222222, -0.4222222222222222, -0.4222222222222222, -0.4222222222222222, -0.4222222222222222, -0.4222222222222222, -0.4222222222222222, -0.4222222222222222, -0.4222222222222222, -0.4222222222222222, -0.4222222222222222, -0.4222222222222222, -0.4222222222222222, -0.4222222222222222, -0.4222222222222222, -0.4222222222222222, -0.4222222222222222, -0.4222222222222222, -0.4222222222222222, -0.4222222222222222, -0.4222222222222222, -0.4222222222222222, -0.4222222222222222, -0.4222222222222222]"	"[1, 1, 1, 1, 1, 1, 1, 1, 1, 1, 1, 1, 1, 1, 1, 1, 1, 1, 1, 1, 1, 1, 1, 1]"	"[0, 0, 0, 0, 0, 0, 0, 0, 0, 0, 0, 0, 0, 0, 0, 0, 0, 0, 0, 0, 0, 0, 0, 0]"	"[0, 0, 0, 0, 0, 0, 0, 0, 0, 0, 0, 0, 0, 0, 0, 0, 0, 0, 0, 0, 0, 0, 0, 0]"	"[0.6504727999999886, 0.8170018000000709, 0.9588361999994959, 1.1171454999985144, 1.2756399999998393, 1.4422004999996716, 1.6338231999998243, 1.8003855999995722, 1.9670469999982743, 2.158712200000082, 2.3421887999993487, 2.5254244999996445, 2.6923811999986356, 2.8840958999990107, 3.083962699998665, 3.2756353999993735, 3.4422938999996404, 3.6019098999986454, 3.767172899999423, 3.9173589999991236, 4.092401299998528, 4.2342117999996844, 4.400574499999493, 4.542256999999154]"	24	"[0.6486555999999837, 0.8151804999997694, 0.957019900000887, 1.1153300999994826, 1.273826900000131, 1.4403818999999203, 1.6320047999997769, 1.7985640000006242, 1.9652268000008917, 2.1568908000008378, 2.3403758999993443, 2.5236096999997244, 2.69056719999935, 2.8822884000001068, 3.082147299999633, 3.2738198000006378, 3.4404773999995086, 3.6000908999994863, 3.765348700000686, 3.9155427000005147, 4.090579400000934, 4.232389999999214, 4.398749699999826, 4.540440700000545]"	"[0.7233254000002489, 0.8735567000003357, 1.048398000000816, 1.2069246000010025, 1.3902383999993617, 1.556855099999666, 1.7067308999994566, 1.9068834999998217, 2.0737042000000656, 2.2570510000005015, 2.44012180000027, 2.623448099999223, 2.806933600000775, 3.006808500000261, 3.1985191000003397, 3.3985434000005625, 3.548551800000496, 3.7069025000000693, 3.873529200000121, 4.015216400001009, 4.148726200000965, 4.323560299999372, 4.490282900000238, 4.631932300000699]"	79.5880674	79.60176580000007	81.09357110000019									16	03	2024-02-08_11h29.44.527	BART_exp	2023.2.3	119.96967166738456	2024-02-08 11h30.03.067115 +0100	
balloon.png	105	0	3	3	24	81.10185890000139													81.09375180000097	81.10185890000139	81.10185890000139	81.10185890000139	81.10185890000139	81.10185890000139	0.0069370999990496784	0.0069370999990496784	0.0069370999990496784	81.10185890000139	86.55377020000014	22	1.10	False	"[-0.04351851851851852, -0.04351851851851852, -0.04351851851851852, -0.04351851851851852, -0.04351851851851852, -0.04351851851851852, -0.04351851851851852, -0.04351851851851852, -0.04351851851851852, -0.04351851851851852, -0.04351851851851852, -0.04351851851851852, -0.04351851851851852, -0.04351851851851852, -0.04351851851851852, -0.04351851851851852, -0.04351851851851852, -0.04351851851851852, -0.04351851851851852, -0.04351851851851852, -0.04351851851851852, -0.04351851851851852, -0.7435185185185185]"	"[-0.38981481481481484, -0.38981481481481484, -0.38981481481481484, -0.38981481481481484, -0.38981481481481484, -0.38981481481481484, -0.38981481481481484, -0.38981481481481484, -0.38981481481481484, -0.38981481481481484, -0.38981481481481484, -0.38981481481481484, -0.38981481481481484, -0.38981481481481484, -0.38981481481481484, -0.38981481481481484, -0.38981481481481484, -0.38981481481481484, -0.38981481481481484, -0.38981481481481484, -0.38981481481481484, -0.38981481481481484, 0.40925925925925927]"	"[1, 1, 1, 1, 1, 1, 1, 1, 1, 1, 1, 1, 1, 1, 1, 1, 1, 1, 1, 1, 1, 1, 0]"	"[0, 0, 0, 0, 0, 0, 0, 0, 0, 0, 0, 0, 0, 0, 0, 0, 0, 0, 0, 0, 0, 0, 0]"	"[0, 0, 0, 0, 0, 0, 0, 0, 0, 0, 0, 0, 0, 0, 0, 0, 0, 0, 0, 0, 0, 0, 1]"	"[0.383921200000259, 0.5505157000006875, 0.6840045999997528, 0.8673213000001851, 1.7341354000000138, 1.9174132000007376, 2.08460709999963, 2.267415100001017, 2.4423931000001176, 2.6176477999997587, 2.7840434000008827, 2.9508552000006603, 3.1258073999997578, 3.3177737000005436, 3.459133700000166, 3.6340626000001066, 3.767419699999664, 3.950948600000629, 4.117574300000342, 4.275890700000673, 4.442420900000798, 4.600751900001342, 5.459133500000462]"	22	"[0.381721199999447, 0.5483093000002555, 0.6817996000008861, 0.8651248999995005, 1.7319387999996252, 1.9152154000003065, 2.082576799999515, 2.265212199999951, 2.44018750000032, 2.6154671999993298, 2.78184549999969, 2.94865209999989, 3.1236112999995385, 3.3155774000006204, 3.4569322999996075, 3.6318639000000985, 3.7652178999996977, 3.9487513000003673, 4.115373900000122, 4.273688100000072, 4.440218400000958, 4.598553300000276]"	"[0.4578744000009465, 0.6231563000001188, 0.7816204000009748, 1.0731522000005498, 1.8399563000002672, 2.0232909999995172, 2.1899009000007936, 2.3649194999998144, 2.540187500000684, 2.6984620000002906, 2.8816102000000683, 3.048279900000125, 3.2149797000001854, 3.3983122000008734, 3.5485748000010062, 3.731671400000778, 3.8734922999992705, 4.040012699999352, 4.215045500000997, 4.373397299999851, 4.531733899999381, 4.690060500000982]"	86.55472089999967	86.56057660000079	88.05257750000055	88.06901579999976								16	03	2024-02-08_11h29.44.527	BART_exp	2023.2.3	119.96967166738456	2024-02-08 11h30.03.067115 +0100	
balloon.png	40	0	4	4	9	88.06901579999976													88.0527559000002	88.06901579999976	88.06901579999976	88.06901579999976	88.06901579999976	88.06901579999976	-0.0006852000005892478	-0.0006852000005892478	-0.0006852000005892478	88.06901579999976	92.7627322999997	22	1.10	False	"[-0.08611111111111111, -0.08518518518518518, -0.08518518518518518, -0.08518518518518518, -0.08518518518518518, -0.08518518518518518, -0.08518518518518518, -0.08518518518518518, -0.08518518518518518, -0.08518518518518518, -0.08518518518518518, -0.08518518518518518, -0.08518518518518518, -0.08518518518518518, -0.08518518518518518, -0.08518518518518518, -0.08518518518518518, -0.08518518518518518, -0.08518518518518518, -0.08518518518518518, -0.08518518518518518, -0.08518518518518518, -0.7287037037037037]"	"[-0.41388888888888886, -0.412962962962963, -0.412962962962963, -0.412962962962963, -0.412962962962963, -0.412962962962963, -0.412962962962963, -0.412962962962963, -0.412962962962963, -0.412962962962963, -0.412962962962963, -0.412962962962963, -0.412962962962963, -0.412962962962963, -0.412962962962963, -0.412962962962963, -0.412962962962963, -0.412962962962963, -0.412962962962963, -0.412962962962963, -0.412962962962963, -0.412962962962963, 0.38055555555555554]"	"[1, 1, 1, 1, 1, 1, 1, 1, 1, 1, 1, 1, 1, 1, 1, 1, 1, 1, 1, 1, 1, 1, 0]"	"[0, 0, 0, 0, 0, 0, 0, 0, 0, 0, 0, 0, 0, 0, 0, 0, 0, 0, 0, 0, 0, 0, 0]"	"[0, 0, 0, 0, 0, 0, 0, 0, 0, 0, 0, 0, 0, 0, 0, 0, 0, 0, 0, 0, 0, 0, 1]"	"[0.3170858000012231, 0.47530450000158453, 0.6169251999999688, 0.7921011000016733, 0.9171564000007493, 1.0669809999999416, 1.2253047000012884, 1.393206700000519, 1.5504969000012352, 1.7088605000008101, 1.8753602000015235, 2.033800400000473, 2.200435100001414, 2.3505564000006416, 2.4923240000007354, 2.667085800001587, 2.825430300001244, 2.975700599999982, 3.142282000000705, 3.4671269999998913, 3.6088229000015417, 3.7340172000003804, 4.709036900001593]"	22	"[0.313735199999428, 0.4719606999988173, 0.6135746999989351, 0.7887451999995392, 0.913805099999081, 1.0636299999987386, 1.2219589999986056, 1.3898567999985971, 1.5471459999989747, 1.7055099999997765, 1.8720047999995586, 2.0304447999988042, 2.1970830999998725, 2.347208600000158, 2.488973299999998, 2.6637298999994528, 2.8220781999989413, 2.9723505999991175, 3.138929400000052, 3.4637711999985186, 3.605472799999916, 3.7306621999996423]"	"[0.3884375999987242, 0.5634348999992653, 0.7051088999996864, 0.8717806999993627, 0.9968871000000945, 1.1467995999992127, 1.3134731999998621, 1.4718224999996892, 1.6551846000002115, 1.7968450999997003, 1.9551795999996102, 2.105233099999168, 2.271880299998884, 2.438720000000103, 2.6052326999997604, 2.74690659999942, 2.8969288999996934, 3.05528299999969, 3.2136340999986714, 3.5302837999988697, 3.6886448999994172, 3.8303249000000505]"	92.76383030000034	92.76934489999985	94.2613450000008	94.26945950000118								16	03	2024-02-08_11h29.44.527	BART_exp	2023.2.3	119.96967166738456	2024-02-08 11h30.03.067115 +0100	
balloon.png	10	0	5	5	2	94.26945950000118													94.26152480000019	94.26945950000118	94.26945950000118	94.26945950000118	94.26945950000118	94.26945950000118	0.0057422999998379964	0.0057422999998379964	0.0057422999998379964	94.26945950000118	96.80498120000084	11	0.50	True	"[0.04259259259259259, 0.04259259259259259, 0.04259259259259259, 0.04259259259259259, 0.04259259259259259, 0.04259259259259259, 0.04259259259259259, 0.04259259259259259, 0.04259259259259259, 0.04259259259259259, 0.04259259259259259]"	"[-0.3851851851851852, -0.3851851851851852, -0.3851851851851852, -0.3851851851851852, -0.3851851851851852, -0.3851851851851852, -0.3851851851851852, -0.3851851851851852, -0.3851851851851852, -0.3851851851851852, -0.3851851851851852]"	"[1, 1, 1, 1, 1, 1, 1, 1, 1, 1, 1]"	"[0, 0, 0, 0, 0, 0, 0, 0, 0, 0, 0]"	"[0, 0, 0, 0, 0, 0, 0, 0, 0, 0, 0]"	"[0.7171312999998918, 0.8504166999991867, 1.03364479999982, 1.2086736999990535, 1.3837214999985008, 1.558836499998506, 1.7255224999989878, 1.9088744999990013, 2.100656099999469, 2.2755575999999564, 2.4337323999989167]"	11	"[0.7152443000013591, 0.8485224000014568, 1.031752900000356, 1.2067814000001817, 1.381829200001448, 1.5569505000003119, 1.7236516000011761, 1.906986700001653, 2.0987779000006412, 2.27366560000155, 2.4318442000003415]"	"[0.8232740000003105, 0.9565959999999905, 1.131613900000957, 1.2983625000015309, 1.4901888000003964, 1.6566582000014023, 1.8400852000013401, 2.031706800000393, 2.1983661000012944, 2.3567061000012473, 2.5316940000011527]"	96.80575789999966	96.81133299999965	98.30326950000017	98.31140340000093								16	03	2024-02-08_11h29.44.527	BART_exp	2023.2.3	119.96967166738456	2024-02-08 11h30.03.067115 +0100	
balloon.png	97	0	6	6	22	98.31140340000093													98.30344590000095	98.31140340000093	98.31140340000093	98.31140340000093	98.31140340000093	98.31140340000093	0.005703799999537296			98.31140340000093	103.24679060000017	15	0.75	False	"[0.04259259259259259, 0.04259259259259259, 0.04259259259259259, 0.04259259259259259, 0.04259259259259259, 0.04259259259259259, 0.04259259259259259, 0.04259259259259259, 0.04259259259259259, 0.04259259259259259, 0.04259259259259259, 0.04259259259259259, 0.04259259259259259, 0.04259259259259259, 0.04259259259259259, -0.7037037037037037]"	"[-0.3851851851851852, -0.3851851851851852, -0.3851851851851852, -0.3851851851851852, -0.3851851851851852, -0.3851851851851852, -0.3851851851851852, -0.3851851851851852, -0.3851851851851852, -0.3851851851851852, -0.3851851851851852, -0.3851851851851852, -0.3851851851851852, -0.3851851851851852, -0.3851851851851852, 0.375]"	"[1, 1, 1, 1, 1, 1, 1, 1, 1, 1, 1, 1, 1, 1, 1, 0]"	"[0, 0, 0, 0, 0, 0, 0, 0, 0, 0, 0, 0, 0, 0, 0, 0]"	"[0, 0, 0, 0, 0, 0, 0, 0, 0, 0, 0, 0, 0, 0, 0, 1]"	"[1.9587967000006756, 2.1173257999998896, 2.2672877999993943, 2.4339352999995754, 2.5921237000002293, 2.7755639999995765, 2.942140900000595, 3.1006720999994286, 3.2589948999993794, 3.4340534000002663, 3.592187100000956, 3.7757973999996466, 3.9339197000008426, 4.117392300000574, 4.250748700000258, 4.942455000000336]"	15	"[1.9569673999994848, 2.1155015000003914, 2.2654579000009107, 2.4321113000005425, 2.590287500001068, 2.7737333000004583, 2.9403103000004194, 3.0988405000007333, 3.2571656000000075, 3.43222489999971, 3.590358700001161, 3.773970100000952, 3.932098200000837, 4.11558100000002, 4.248919900001056]"	"[2.023431999999957, 2.2068271999996796, 2.365167800000563, 2.523513300000559, 2.690161000000444, 2.8652189000004, 3.040252700000565, 3.215216300000975, 3.348582399999941, 3.515264200001184, 3.6818975000005594, 3.8654530000003433, 4.023617900000318, 4.1735915999997815, 4.356929900000978]"	103.24765300000035	103.25341880000087	104.74538730000131	104.76185460000124								16	03	2024-02-08_11h29.44.527	BART_exp	2023.2.3	119.96967166738456	2024-02-08 11h30.03.067115 +0100	
balloon.png	62	0	7	7	14	104.76185460000124													104.7455659999996	104.76185460000124	104.76185460000124	104.76185460000124	104.76185460000124	104.76185460000124	-0.0008520000010321382	-0.0008520000010321382	-0.0008520000010321382	104.76185460000124	110.20563810000021	24	1.20	False	"[0.000925925925925926, 0.000925925925925926, 0.000925925925925926, 0.000925925925925926, 0.000925925925925926, 0.000925925925925926, 0.000925925925925926, 0.000925925925925926, 0.000925925925925926, 0.000925925925925926, 0.000925925925925926, 0.000925925925925926, 0.000925925925925926, 0.000925925925925926, 0.000925925925925926, 0.000925925925925926, 0.000925925925925926, 0.000925925925925926, 0.000925925925925926, 0.000925925925925926, 0.000925925925925926, 0.000925925925925926, 0.000925925925925926, 0.000925925925925926, -0.6481481481481481]"	"[-0.3851851851851852, -0.3851851851851852, -0.3851851851851852, -0.3851851851851852, -0.3851851851851852, -0.3851851851851852, -0.3851851851851852, -0.3851851851851852, -0.3851851851851852, -0.38796296296296295, -0.38796296296296295, -0.38796296296296295, -0.38796296296296295, -0.38796296296296295, -0.38796296296296295, -0.38796296296296295, -0.38796296296296295, -0.38796296296296295, -0.38796296296296295, -0.38796296296296295, -0.38796296296296295, -0.38796296296296295, -0.38796296296296295, -0.38796296296296295, 0.33240740740740743]"	"[1, 1, 1, 1, 1, 1, 1, 1, 1, 1, 1, 1, 1, 1, 1, 1, 1, 1, 1, 1, 1, 1, 1, 1, 0]"	"[0, 0, 0, 0, 0, 0, 0, 0, 0, 0, 0, 0, 0, 0, 0, 0, 0, 0, 0, 0, 0, 0, 0, 0, 0]"	"[0, 0, 0, 0, 0, 0, 0, 0, 0, 0, 0, 0, 0, 0, 0, 0, 0, 0, 0, 0, 0, 0, 0, 0, 1]"	"[0.600485099999787, 0.7837975000002189, 1.0256638000009843, 1.2171856000004482, 1.7922080000007554, 1.9339061000009679, 2.075566000001345, 2.225569700000051, 2.3670820999996067, 2.508816100000331, 2.6506385000011505, 2.808971800001018, 2.958800700000211, 3.108973700000206, 3.259072599999854, 3.39233779999995, 3.54218100000071, 3.6921794999998383, 3.99236270000074, 4.142258600000787, 4.2757110000002285, 4.425729000000501, 4.575719899999967, 4.700581000000966, 5.459132699999827]"	24	"[0.590450100000453, 0.7737503000007564, 1.0156199000011839, 1.2071396000010282, 1.7821574000008695, 1.9238736999996036, 2.0655225000009523, 2.215519299999869, 2.357033700000102, 2.4987665000007837, 2.6405985000001237, 2.7989252000006672, 2.9487518000005366, 3.098928400000659, 3.2490280000001803, 3.382288700000572, 3.532129999999597, 3.682131700001264, 3.982319300001109, 4.132210499999928, 4.265674899999794, 4.415678700001081, 4.565668799999912, 4.690534700001081]"	"[0.706784100000732, 0.8902087000005849, 1.1318924000006518, 1.7402148000001034, 1.865236300000106, 1.9987817000001087, 2.1485661000006075, 2.2902152000006026, 2.432010900000023, 2.582022800001141, 2.7319182000010187, 2.8902546999997867, 3.0404029000001174, 3.182120200001009, 3.323645000000397, 3.4819686000009824, 3.6153272000010475, 3.91533630000049, 4.040392700000666, 4.182048900000154, 4.340420100001211, 4.507084000000759, 4.6320759000009275, 4.840512599999784]"	110.20659210000122	110.21225650000088	111.70421280000119	111.7290367000005								16	03	2024-02-08_11h29.44.527	BART_exp	2023.2.3	119.96967166738456	2024-02-08 11h30.03.067115 +0100	
balloon.png	110	0	8	8	25	111.7290367000005													111.70439450000049	111.7290367000005	111.7290367000005	111.7290367000005	111.7290367000005	111.7290367000005	-0.000998299999992014	-0.000998299999992014	-0.000998299999992014	111.7290367000005	117.58114250000108	29	1.45	False	"[-0.01574074074074074, -0.014814814814814815, -0.014814814814814815, -0.014814814814814815, -0.014814814814814815, -0.014814814814814815, -0.014814814814814815, -0.014814814814814815, -0.014814814814814815, -0.014814814814814815, -0.014814814814814815, -0.014814814814814815, -0.014814814814814815, -0.014814814814814815, -0.014814814814814815, -0.014814814814814815, -0.014814814814814815, -0.014814814814814815, -0.014814814814814815, -0.014814814814814815, -0.014814814814814815, -0.014814814814814815, -0.014814814814814815, -0.014814814814814815, -0.014814814814814815, -0.014814814814814815, -0.014814814814814815, -0.014814814814814815, -0.014814814814814815, -0.014814814814814815, -0.7175925925925926]"	"[-0.42777777777777776, -0.41574074074074074, -0.41574074074074074, -0.41574074074074074, -0.41574074074074074, -0.41574074074074074, -0.41574074074074074, -0.41574074074074074, -0.41574074074074074, -0.41574074074074074, -0.41574074074074074, -0.41574074074074074, -0.41574074074074074, -0.41574074074074074, -0.41574074074074074, -0.41574074074074074, -0.41574074074074074, -0.41574074074074074, -0.41574074074074074, -0.41574074074074074, -0.41574074074074074, -0.41574074074074074, -0.41574074074074074, -0.41574074074074074, -0.41574074074074074, -0.41574074074074074, -0.41574074074074074, -0.41574074074074074, -0.41574074074074074, -0.41574074074074074, 0.36944444444444446]"	"[1, 1, 1, 1, 1, 1, 1, 1, 1, 1, 1, 1, 1, 1, 1, 1, 1, 1, 1, 1, 1, 1, 1, 1, 1, 1, 1, 1, 1, 1, 0]"	"[0, 0, 0, 0, 0, 0, 0, 0, 0, 0, 0, 0, 0, 0, 0, 0, 0, 0, 0, 0, 0, 0, 0, 0, 0, 0, 0, 0, 0, 0, 0]"	"[0, 0, 0, 0, 0, 0, 0, 0, 0, 0, 0, 0, 0, 0, 0, 0, 0, 0, 0, 0, 0, 0, 0, 0, 0, 0, 0, 0, 0, 0, 1]"	"[0.20877269999982673, 0.3752951000005851, 0.5253665000000183, 0.6754774999990332, 0.8255009000004065, 0.9671402000003582, 1.1086854000004678, 1.2838367000003927, 1.4088320999999269, 1.5921120999992127, 1.7587251000004471, 1.9254495999994106, 2.1253851000001305, 2.3005617999988317, 2.467266399999062, 2.658974899999521, 2.858936200000244, 3.000615099999777, 3.2007617999988724, 3.3588622999996005, 3.525544300000547, 3.6756697999990138, 3.8174101000004157, 3.9756443000005675, 4.158935199999178, 4.300566800000524, 4.467416100000264, 4.609069699999964, 4.775609899999836, 4.908929299999727, 5.87582730000031]"	29	"[0.3640518999982305, 0.5141261999997369, 0.6642331999992166, 0.8142579999985173, 0.9559088999994856, 1.0974495999998908, 1.2725921999990533, 1.3975911999987147, 1.5808636999990995, 1.747479999999996, 1.9142045999997208, 2.1141388999985793, 2.2893193999989307, 2.456028399999923, 2.64773249999962, 2.8476892999988195, 2.9893707999999606, 3.1895133999987593, 3.3476240999989386, 3.514297499999884, 3.664424099999451, 3.8061733999984426, 3.9643950999998196, 4.1476911999998265, 4.2893230999998195, 4.45616919999884, 4.597824099999343, 4.764360799999849, 4.89767749999919]"	"[0.4223603999998886, 0.5723613999998634, 0.7222602999991068, 0.8806560999983049, 1.0472651999989466, 1.1973014999985025, 1.322284199999558, 1.505625299998428, 1.655821599999399, 1.8390228999996907, 2.014029299998583, 2.205712899998616, 2.3806736999995337, 2.572383599999739, 2.7474738999990223, 2.9557318999995914, 3.1057726999988517, 3.2724310999983572, 3.439101199999641, 3.597453599999426, 3.747492799999236, 3.897500199998831, 4.047493799998847, 4.214347999999518, 4.397515699998621, 4.505844499999512, 4.655850399998599, 4.822527399999672, 4.989262299999609]"	117.58228229999986	117.58776020000005	119.0797762000002	119.09620850000101								16	03	2024-02-08_11h29.44.527	BART_exp	2023.2.3	119.96967166738456	2024-02-08 11h30.03.067115 +0100	
balloon.png	75	0	9	9	17	119.09620850000101													119.07995970000047	119.09620850000101	119.09620850000101	119.09620850000101	119.09620850000101	119.09620850000101	0.01399419999870588	0.01399419999870588	0.01399419999870588	119.09620850000101	125.09835680000106	29	1.45	False	"[-0.04259259259259259, -0.04259259259259259, -0.04259259259259259, -0.04259259259259259, -0.04259259259259259, -0.04259259259259259, -0.04259259259259259, -0.04259259259259259, -0.04259259259259259, -0.04259259259259259, -0.04259259259259259, -0.04259259259259259, -0.04259259259259259, -0.04259259259259259, -0.04259259259259259, -0.04259259259259259, -0.04259259259259259, -0.04259259259259259, -0.04259259259259259, -0.04259259259259259, -0.04259259259259259, -0.04259259259259259, -0.04259259259259259, -0.04259259259259259, -0.04259259259259259, -0.04259259259259259, -0.04259259259259259, -0.04259259259259259, -0.04259259259259259, -0.7657407407407407]"	"[-0.3972222222222222, -0.3972222222222222, -0.3972222222222222, -0.3972222222222222, -0.3972222222222222, -0.3972222222222222, -0.3972222222222222, -0.3972222222222222, -0.3972222222222222, -0.3972222222222222, -0.3972222222222222, -0.3972222222222222, -0.3972222222222222, -0.3972222222222222, -0.3972222222222222, -0.3972222222222222, -0.3972222222222222, -0.3972222222222222, -0.3972222222222222, -0.3972222222222222, -0.3972222222222222, -0.3972222222222222, -0.3972222222222222, -0.3972222222222222, -0.3972222222222222, -0.3972222222222222, -0.3972222222222222, -0.3972222222222222, -0.3972222222222222, 0.3972222222222222]"	"[1, 1, 1, 1, 1, 1, 1, 1, 1, 1, 1, 1, 1, 1, 1, 1, 1, 1, 1, 1, 1, 1, 1, 1, 1, 1, 1, 1, 1, 0]"	"[0, 0, 0, 0, 0, 0, 0, 0, 0, 0, 0, 0, 0, 0, 0, 0, 0, 0, 0, 0, 0, 0, 0, 0, 0, 0, 0, 0, 0, 0]"	"[0, 0, 0, 0, 0, 0, 0, 0, 0, 0, 0, 0, 0, 0, 0, 0, 0, 0, 0, 0, 0, 0, 0, 0, 0, 0, 0, 0, 0, 1]"	"[0.24234939999951166, 0.39198509999914677, 0.5585852000003797, 0.6920630999993591, 0.8335690999992948, 1.0002760999996099, 1.1502775999997539, 1.3336245999998937, 1.4921090000007098, 1.6254795999993803, 1.7921038000004046, 1.9753772000003664, 2.1170354999994743, 2.2921808999999485, 2.4588705999995, 2.6506984000006923, 2.817407999998977, 3.0006054999994376, 3.325417699999889, 3.4756352999993396, 3.6339575000001787, 4.0840575999991415, 4.250643800000034, 4.400672699999632, 4.592269700000543, 4.767280500000197, 4.958893900000476, 5.133918300000005, 5.317265800000314, 6.017466100000092]"	29	"[0.2404236000002129, 0.390061500000229, 0.556660300000658, 0.6901391000010335, 0.8316427000008844, 0.998352700000396, 1.1483552000008785, 1.3316981999996642, 1.4901797000002261, 1.6235556999999972, 1.7901784000005136, 1.9734492000006867, 2.1151179000007687, 2.29025940000065, 2.4569513000005827, 2.648769999999786, 2.815478800001074, 2.99867710000035, 3.323491200000717, 3.4737160000004224, 3.632028800000626, 4.082134700000097, 4.248719200000778, 4.398753299999953, 4.590348300000187, 4.765350699999544, 4.956966400000965, 5.13199639999948, 5.3153500000007625]"	"[0.3064599999997881, 0.4649585000006482, 0.614816700001029, 0.773195100000521, 0.9315662999997585, 1.031528999999864, 1.2315431000006356, 1.389893800000209, 1.5899258999997983, 1.7315603999995801, 1.889893800000209, 2.0316430000002583, 2.2232738000002428, 2.3732875999994576, 2.5649888000007195, 2.7401172000008955, 2.906659700000091, 3.231669200000397, 3.4066746000007697, 3.573389400000451, 3.765226800000164, 4.165260699999635, 4.34844669999984, 4.523482700000386, 4.698507499999323, 4.87349549999999, 5.048458999999639, 5.240156800000477, 5.415168200001062]"	125.09941500000059	125.10497890000079	126.5969399000005	126.60515360000136								16	03	2024-02-08_11h29.44.527	BART_exp	2023.2.3	119.96967166738456	2024-02-08 11h30.03.067115 +0100	
balloon.png	127	0	10	10	29	126.60515360000136													126.59712430000036	126.60515360000136	126.60515360000136	126.60515360000136	126.60515360000136	126.60515360000136	0.00580209999861836	0.00580209999861836	0.00580209999861836	126.60515360000136	132.64041910000014	30	1.50	False	"[-0.10092592592592593, -0.10092592592592593, -0.10092592592592593, -0.10092592592592593, -0.10092592592592593, -0.10092592592592593, -0.10092592592592593, -0.10092592592592593, -0.10092592592592593, -0.10092592592592593, -0.10092592592592593, -0.10092592592592593, -0.10092592592592593, -0.10092592592592593, -0.10092592592592593, -0.10092592592592593, -0.10092592592592593, -0.10092592592592593, -0.10092592592592593, -0.10092592592592593, -0.10092592592592593, -0.10092592592592593, -0.10092592592592593, -0.10092592592592593, -0.10092592592592593, -0.10092592592592593, -0.10092592592592593, -0.10092592592592593, -0.10092592592592593, -0.10092592592592593, -0.6638888888888889]"	"[-0.39814814814814814, -0.39814814814814814, -0.39814814814814814, -0.39814814814814814, -0.39814814814814814, -0.39814814814814814, -0.39814814814814814, -0.39814814814814814, -0.39814814814814814, -0.39814814814814814, -0.39814814814814814, -0.39814814814814814, -0.39814814814814814, -0.39814814814814814, -0.39814814814814814, -0.39814814814814814, -0.39814814814814814, -0.39814814814814814, -0.39814814814814814, -0.39814814814814814, -0.39814814814814814, -0.39814814814814814, -0.39814814814814814, -0.39814814814814814, -0.39814814814814814, -0.39814814814814814, -0.39814814814814814, -0.39814814814814814, -0.39814814814814814, -0.39814814814814814, 0.4166666666666667]"	"[1, 1, 1, 1, 1, 1, 1, 1, 1, 1, 1, 1, 1, 1, 1, 1, 1, 1, 1, 1, 1, 1, 1, 1, 1, 1, 1, 1, 1, 1, 0]"	"[0, 0, 0, 0, 0, 0, 0, 0, 0, 0, 0, 0, 0, 0, 0, 0, 0, 0, 0, 0, 0, 0, 0, 0, 0, 0, 0, 0, 0, 0, 0]"	"[0, 0, 0, 0, 0, 0, 0, 0, 0, 0, 0, 0, 0, 0, 0, 0, 0, 0, 0, 0, 0, 0, 0, 0, 0, 0, 0, 0, 0, 0, 1]"	"[0.3587718999988283, 0.500429300000178, 0.6586212000001979, 0.8169564999989234, 0.9505446999992273, 1.0754693999988376, 1.2350193000002037, 1.3671773999994912, 1.5004900000003545, 1.6420550999991974, 1.8005778999995528, 1.9519308999988425, 2.08386419999988, 2.2922877999990305, 2.4504287999989174, 2.617123599999104, 2.7756322999994154, 2.925611699998626, 3.26741199999924, 3.4254700999990746, 3.5921966999994766, 3.7590063999996346, 3.90906619999987, 4.050569999999425, 4.233875899999475, 4.408930100000362, 4.625594600000113, 4.783923899998626, 4.9839812999998685, 5.309115399999428, 6.042345599998953]"	30	"[0.35693589999937103, 0.4985869999982242, 0.6567824999983713, 0.8151187999992544, 0.9487099999987549, 1.0736309999992955, 1.2333402999993268, 1.3653387999984261, 1.4986528999997972, 1.6402213999990636, 1.798740899999757, 1.9502658999990672, 2.0820245999984763, 2.2904528999988543, 2.4485897999984445, 2.61528719999842, 2.7737906999991537, 2.9237735999995493, 3.2655800999982603, 3.4236325999991095, 3.5903580999984115, 3.7571662999998807, 3.907229799999186, 4.048729899999671, 4.232047099998454, 4.4070925999985775, 4.623759799998879, 4.782088699999804, 4.982143499999438, 5.307277299998532]"	"[0.45662759999868285, 0.606841799999529, 0.7484781999992265, 0.9066885999982333, 1.0483182999996643, 1.1901022999991255, 1.2983359999998356, 1.4316890999998577, 1.56615999999849, 1.7069132999986323, 1.8733741999985796, 2.0150533999985782, 2.1984094999988884, 2.390070499999638, 2.5067704999983107, 2.690086099999462, 2.88178219999827, 3.173510199998418, 3.3318579999995563, 3.4818533999987267, 3.6818723999986105, 3.798684099998354, 3.9735308999988774, 4.15696189999835, 4.340245399998821, 4.532058799999504, 4.731923699999243, 4.890265799998815, 5.048605899999529, 5.423619499999404]"	132.64152950000062	132.64715330000035	134.13912850000088	134.15559100000064								16	03	2024-02-08_11h29.44.527	BART_exp	2023.2.3	119.96967166738456	2024-02-08 11h30.03.067115 +0100	
balloon.png	71	0	11	11	16	134.15559100000064													134.13932159999968	134.15559100000064	134.15559100000064	134.15559100000064	134.15559100000064	134.15559100000064	-0.000970800001596217	-0.000970800001596217	-0.000970800001596217	134.15559100000064	141.33282210000107	31	1.55	False	"[-0.053703703703703705, -0.053703703703703705, -0.053703703703703705, -0.053703703703703705, -0.053703703703703705, -0.053703703703703705, -0.053703703703703705, -0.053703703703703705, -0.053703703703703705, -0.053703703703703705, -0.05277777777777778, -0.05277777777777778, -0.05277777777777778, -0.05277777777777778, -0.05277777777777778, -0.05277777777777778, -0.05277777777777778, -0.05277777777777778, -0.05277777777777778, -0.05277777777777778, -0.05277777777777778, -0.05277777777777778, -0.05277777777777778, -0.05277777777777778, -0.05277777777777778, -0.05277777777777778, -0.05277777777777778, -0.05277777777777778, -0.05277777777777778, -0.05277777777777778, -0.05277777777777778, -0.7277777777777777]"	"[-0.4074074074074074, -0.4074074074074074, -0.4074074074074074, -0.4074074074074074, -0.4074074074074074, -0.4074074074074074, -0.4074074074074074, -0.4074074074074074, -0.4074074074074074, -0.4074074074074074, -0.4074074074074074, -0.4074074074074074, -0.4074074074074074, -0.4074074074074074, -0.4074074074074074, -0.4074074074074074, -0.4074074074074074, -0.4074074074074074, -0.4074074074074074, -0.4074074074074074, -0.4074074074074074, -0.4074074074074074, -0.4074074074074074, -0.4074074074074074, -0.4074074074074074, -0.4074074074074074, -0.4074074074074074, -0.4074074074074074, -0.4074074074074074, -0.4074074074074074, -0.4074074074074074, 0.40185185185185185]"	"[1, 1, 1, 1, 1, 1, 1, 1, 1, 1, 1, 1, 1, 1, 1, 1, 1, 1, 1, 1, 1, 1, 1, 1, 1, 1, 1, 1, 1, 1, 1, 0]"	"[0, 0, 0, 0, 0, 0, 0, 0, 0, 0, 0, 0, 0, 0, 0, 0, 0, 0, 0, 0, 0, 0, 0, 0, 0, 0, 0, 0, 0, 0, 0, 0]"	"[0, 0, 0, 0, 0, 0, 0, 0, 0, 0, 0, 0, 0, 0, 0, 0, 0, 0, 0, 0, 0, 0, 0, 0, 0, 0, 0, 0, 0, 0, 0, 1]"	"[0.23359139999956824, 0.37542340000072727, 0.5337600999991992, 0.7170034999999189, 0.8754260000005161, 1.0337935999996262, 1.2088579999999638, 1.4089504000003217, 1.6171715000000404, 1.8255374000000302, 2.158985100000791, 2.7256316999992123, 2.9171521000007488, 3.0921916000006604, 3.283822199999122, 3.4755413999992015, 3.658833699999377, 3.850517000000764, 4.00920380000025, 4.167353099999673, 4.325704400000177, 4.517364600000292, 4.70909390000088, 4.900595600000088, 5.109066999999413, 5.334118999999191, 5.467306299999109, 5.667297199999666, 5.8008229000006395, 5.975837500000125, 6.117584199999328, 7.192570299999716]"	30	"[0.2267413999998098, 0.3685723999988113, 0.5269095999992714, 0.7101568999987649, 0.868592400000125, 1.0269425999995292, 1.202017600000545, 1.4021130999990419, 1.6103248999988864, 1.8186883999987913, 2.152144899999257, 2.718786600000385, 2.91030580000006, 3.085346899999422, 3.276976899998772, 3.468702799998937, 3.65198380000038, 3.843670700000075, 4.002358300000196, 4.160504600000422, 4.318859400000292, 4.70225019999998, 4.893750799999907, 5.102229000000079, 5.327271500000279, 5.460461000000578, 5.6604477999990195, 5.793980000000374, 5.968995699999141, 6.110741099999359]"	"[0.3016021000003093, 0.46829950000028475, 0.6266741999988881, 0.7683718999996927, 0.9517533999987791, 1.1266670999993948, 1.2933441000004677, 1.5267162999989523, 1.7266990999996779, 1.9684051999993244, 2.593434200000047, 2.8351244000004954, 3.0101990999992267, 3.1936368999995466, 3.3934874999995372, 3.576829399999042, 3.7601617999989685, 3.918603500000245, 4.101887499999066, 4.251912100000482, 4.626962399999684, 4.810292599999229, 4.9686017999993055, 5.2686123000003136, 5.418679000000338, 5.601982700000008, 5.72706929999913, 5.893662399999812, 6.043669499998941, 6.185340300000462]"	141.3339773000007	141.3394386	142.83137910000005	142.84786710000117								16	03	2024-02-08_11h29.44.527	BART_exp	2023.2.3	119.96967166738456	2024-02-08 11h30.03.067115 +0100	
balloon.png	31	0	12	12	7	142.84786710000117													142.83156260000032	142.84786710000117	142.84786710000117	142.84786710000117	142.84786710000117	142.84786710000117	0.01395330000013928	0.01395330000013928	0.01395330000013928	142.84786710000117	147.94188399999985	32	1.55	True	"[-0.026851851851851852, -0.026851851851851852, -0.026851851851851852, -0.026851851851851852, -0.026851851851851852, -0.026851851851851852, -0.026851851851851852, -0.026851851851851852, -0.026851851851851852, -0.026851851851851852, -0.026851851851851852, -0.026851851851851852, -0.026851851851851852, -0.026851851851851852, -0.026851851851851852, -0.026851851851851852, -0.026851851851851852, -0.026851851851851852, -0.026851851851851852, -0.026851851851851852, -0.026851851851851852, -0.026851851851851852, -0.026851851851851852, -0.026851851851851852, -0.026851851851851852, -0.026851851851851852, -0.026851851851851852, -0.026851851851851852, -0.026851851851851852, -0.026851851851851852, -0.026851851851851852, -0.026851851851851852]"	"[-0.38333333333333336, -0.38333333333333336, -0.38333333333333336, -0.38333333333333336, -0.38333333333333336, -0.38333333333333336, -0.38333333333333336, -0.38333333333333336, -0.38333333333333336, -0.38333333333333336, -0.38333333333333336, -0.38333333333333336, -0.38333333333333336, -0.38333333333333336, -0.38333333333333336, -0.38333333333333336, -0.38333333333333336, -0.38333333333333336, -0.38333333333333336, -0.38333333333333336, -0.38333333333333336, -0.38333333333333336, -0.38333333333333336, -0.38333333333333336, -0.38333333333333336, -0.38333333333333336, -0.38333333333333336, -0.38333333333333336, -0.38333333333333336, -0.38333333333333336, -0.38333333333333336, -0.38333333333333336]"	"[1, 1, 1, 1, 1, 1, 1, 1, 1, 1, 1, 1, 1, 1, 1, 1, 1, 1, 1, 1, 1, 1, 1, 1, 1, 1, 1, 1, 1, 1, 1, 1]"	"[0, 0, 0, 0, 0, 0, 0, 0, 0, 0, 0, 0, 0, 0, 0, 0, 0, 0, 0, 0, 0, 0, 0, 0, 0, 0, 0, 0, 0, 0, 0, 0]"	"[0, 0, 0, 0, 0, 0, 0, 0, 0, 0, 0, 0, 0, 0, 0, 0, 0, 0, 0, 0, 0, 0, 0, 0, 0, 0, 0, 0, 0, 0, 0, 0]"	"[0.2504896999998891, 0.425428100001227, 0.5753684999999678, 0.7004907000009553, 0.850653900000907, 1.0171277999997983, 1.1673155000007682, 1.317396700000245, 1.4671961000003648, 1.6006543000003148, 1.7920719000012468, 1.9254080000009708, 2.042286800000511, 2.2099159000008513, 2.3754375000007713, 2.5587756000004447, 2.700681700000132, 2.8339845999998943, 3.0088558999996167, 3.1588325000011537, 3.317320000000109, 3.4590425999995205, 3.6173221000008198, 3.767194899999595, 3.942256300000736, 4.100775200000498, 4.24241930000062, 4.408935700001166, 4.567324200001167, 4.709122500000376, 4.867496000000756, 5.0006068000002415]"	32	"[0.24846100000104343, 0.4233970000004774, 0.5733370000016293, 0.6984617000016442, 0.8486296999999468, 1.0150936000009096, 1.1653046999999788, 1.315370800000892, 1.4651635000009264, 1.5986278000000311, 1.7900386000001163, 1.9233820000008564, 2.0402566000011575, 2.2078890000011597, 2.373403400000825, 2.5567404000012175, 2.6986493000003975, 2.8319510000001173, 3.0068240000000515, 3.1568158000009134, 3.3152879000008397, 3.457018099999914, 3.61529210000117, 3.765173000001596, 3.9402368999999453, 4.098747200001526, 4.240387000001647, 4.406904000001305, 4.565297700000883, 4.707093300001361, 4.865464100001191, 4.990354000001389]"	"[0.33143760000166367, 0.48147610000160057, 0.6315402000000176, 0.7981549000014638, 0.9564711000002717, 1.098237700000027, 1.248361300000397, 1.3817011999999522, 1.5398762000004353, 1.698221000000558, 1.8482222000002366, 2.0149677000008523, 2.156612100001439, 2.3065967000002274, 2.4232617000016035, 2.598290600000837, 2.765034600000945, 2.9400331000015285, 3.1066301000009844, 3.240048999999999, 3.389997400001448, 3.5483368000004702, 3.7151349000014307, 3.873602600000595, 4.006724200000463, 4.1650607000010496, 4.331718400000682, 4.473462900001323, 4.615142600001491, 4.798509100000956, 4.923436500001117, 5.098436300000685]"	147.94296910000048	147.9482723000001	149.4401897000007	149.44835349999994								16	03	2024-02-08_11h29.44.527	BART_exp	2023.2.3	119.96967166738456	2024-02-08 11h30.03.067115 +0100	
balloon.png	79	0	13	13	18	149.44835349999994													149.44037430000026	149.44835349999994	149.44835349999994	149.44835349999994	149.44835349999994	149.44835349999994	0.005449300000691437			149.44835349999994	154.40029839999988	26	1.30	False	"[-0.026851851851851852, -0.026851851851851852, -0.026851851851851852, -0.026851851851851852, -0.026851851851851852, -0.026851851851851852, -0.026851851851851852, -0.026851851851851852, -0.026851851851851852, -0.026851851851851852, -0.026851851851851852, -0.026851851851851852, -0.026851851851851852, -0.026851851851851852, -0.026851851851851852, -0.026851851851851852, -0.026851851851851852, -0.026851851851851852, -0.026851851851851852, -0.026851851851851852, -0.026851851851851852, -0.026851851851851852, -0.026851851851851852, -0.026851851851851852, -0.026851851851851852, -0.6925925925925925]"	"[-0.38333333333333336, -0.38333333333333336, -0.38333333333333336, -0.38333333333333336, -0.38333333333333336, -0.38333333333333336, -0.38333333333333336, -0.38333333333333336, -0.38333333333333336, -0.38333333333333336, -0.38333333333333336, -0.38333333333333336, -0.38333333333333336, -0.38333333333333336, -0.38333333333333336, -0.38333333333333336, -0.38333333333333336, -0.38333333333333336, -0.38333333333333336, -0.38333333333333336, -0.38333333333333336, -0.38333333333333336, -0.38333333333333336, -0.38333333333333336, -0.38333333333333336, 0.4203703703703704]"	"[1, 1, 1, 1, 1, 1, 1, 1, 1, 1, 1, 1, 1, 1, 1, 1, 1, 1, 1, 1, 1, 1, 1, 1, 1, 0]"	"[0, 0, 0, 0, 0, 0, 0, 0, 0, 0, 0, 0, 0, 0, 0, 0, 0, 0, 0, 0, 0, 0, 0, 0, 0, 0]"	"[0, 0, 0, 0, 0, 0, 0, 0, 0, 0, 0, 0, 0, 0, 0, 0, 0, 0, 0, 0, 0, 0, 0, 0, 0, 1]"	"[0.10862340000130644, 0.29195480000089447, 0.4338028000001941, 0.6185504000004585, 0.8003118000015093, 0.9839074999999866, 1.1753583000008803, 1.3839410000000498, 1.6005096000008052, 1.775390000000698, 1.9837909000016225, 2.175442000001567, 2.358756200001153, 2.5173359000000346, 2.6589557000006607, 2.808973799999876, 2.917192500000965, 3.050642300000618, 3.2089708000003156, 3.375490600001285, 3.517191200000525, 3.6840541000001394, 3.8341245999999956, 4.15892470000108, 4.267524400000184, 4.95898600000146]"	25	"[0.10654849999991711, 0.2898721999990812, 0.43172819999927015, 0.6166464999987511, 0.7982301999982155, 0.9818330999987666, 1.173278799999025, 1.38186289999976, 1.5984447999999247, 1.7733123999987583, 1.9817082999998092, 2.173361599998316, 2.356676099998367, 2.515254099998856, 2.656879799998933, 2.806892099999459, 2.915111699998306, 3.0485671999995247, 3.2068936999985453, 3.3734082999999373, 3.515110399999685, 3.6819788999982848, 3.8320472999985213, 4.156841499998336, 4.265451499999472]"	"[0.19808569999986503, 0.3897536999993463, 0.5230940999990707, 0.7231040999995457, 0.8981257999985246, 1.0981335999986186, 1.289824999999837, 1.4898623999997653, 1.7231701999990037, 1.9148765999998432, 2.106525999999576, 2.2898885999984486, 2.4399052999997366, 2.58998469999824, 2.77323449999858, 2.881567599999471, 2.9982390999994095, 3.139947099998608, 3.289982099999179, 3.4232656999993196, 3.589944599998489, 3.7400444999984757, 4.048358499998358, 4.239995499998258, 4.348380199999156]"	154.40141399999993	154.40708070000073	155.8990192000001	155.9154613999999								16	03	2024-02-08_11h29.44.527	BART_exp	2023.2.3	119.96967166738456	2024-02-08 11h30.03.067115 +0100	
balloon.png	18	0	14	14	4	155.9154613999999													155.89919829999963	155.9154613999999	155.9154613999999	155.9154613999999	155.9154613999999	155.9154613999999	-0.0009089999985008035	-0.0009089999985008035	-0.0009089999985008035	155.9154613999999	159.35925520000092	19	0.90	True	"[-0.021296296296296296, -0.021296296296296296, -0.019444444444444445, -0.019444444444444445, -0.019444444444444445, -0.019444444444444445, -0.019444444444444445, -0.019444444444444445, -0.019444444444444445, -0.019444444444444445, -0.019444444444444445, -0.019444444444444445, -0.019444444444444445, -0.019444444444444445, -0.019444444444444445, -0.019444444444444445, -0.019444444444444445, -0.019444444444444445, -0.019444444444444445]"	"[-0.4222222222222222, -0.41574074074074074, -0.41388888888888886, -0.41388888888888886, -0.41388888888888886, -0.41388888888888886, -0.41388888888888886, -0.41388888888888886, -0.41388888888888886, -0.41388888888888886, -0.41388888888888886, -0.41388888888888886, -0.41388888888888886, -0.41388888888888886, -0.41388888888888886, -0.41388888888888886, -0.41388888888888886, -0.41388888888888886, -0.41388888888888886]"	"[1, 1, 1, 1, 1, 1, 1, 1, 1, 1, 1, 1, 1, 1, 1, 1, 1, 1, 1]"	"[0, 0, 0, 0, 0, 0, 0, 0, 0, 0, 0, 0, 0, 0, 0, 0, 0, 0, 0]"	"[0, 0, 0, 0, 0, 0, 0, 0, 0, 0, 0, 0, 0, 0, 0, 0, 0, 0, 0]"	"[0.5337456000015663, 0.6669299000004685, 0.8171509000003425, 0.9505260000005364, 1.1086435000015626, 1.234960100000535, 1.3671074000012595, 1.5170523000015237, 1.6586421000010887, 1.8102750000016385, 1.958825200001229, 2.125362300001143, 2.284914800000479, 2.4503722000008565, 2.5839485000014975, 2.733880000001591, 2.9005563000009715, 3.193218500000512, 3.34223910000037]"	19	"[0.5270514999992884, 0.6602318999994168, 0.810451399998783, 0.9438278999987233, 1.1019447999988188, 1.2284244999991643, 1.3604123999994044, 1.510355599999457, 1.6519399999997404, 1.8037481999999727, 1.9521219999987807, 2.118658699999287, 2.278388699998686, 2.443673799998578, 2.5772461999986263, 2.7271815999993123, 2.8938559999987774, 3.1866774999998597, 3.335539699999572]"	"[0.5851499000000331, 0.735109299999749, 0.8767965999995795, 1.0267761999984941, 1.1601171999991493, 1.301763800000117, 1.4353057999996963, 1.5684516999990592, 1.7184926999998424, 1.8601952999997593, 2.043514499999219, 2.193603300000177, 2.335164000000077, 2.5018565999998827, 2.6686909000000014, 2.8102767999989737, 3.0019686999985424, 3.2852586999997584, 3.4436178999985714]"	159.36011400000098	159.3657108999996	160.85764999999992	160.8741375999998								16	03	2024-02-08_11h29.44.527	BART_exp	2023.2.3	119.96967166738456	2024-02-08 11h30.03.067115 +0100	
balloon.png	123	0	15	15	28	160.8741375999998													160.85783059999994	160.8741375999998	160.8741375999998	160.8741375999998	160.8741375999998	160.8741375999998	-0.0009699999991426012	-0.0009699999991426012	-0.0009699999991426012	160.8741375999998	165.6261069000011	26	1.30	False	"[-0.041666666666666664, -0.041666666666666664, -0.041666666666666664, -0.041666666666666664, -0.041666666666666664, -0.041666666666666664, -0.041666666666666664, -0.041666666666666664, -0.041666666666666664, -0.041666666666666664, -0.041666666666666664, -0.041666666666666664, -0.041666666666666664, -0.041666666666666664, -0.041666666666666664, -0.041666666666666664, -0.041666666666666664, -0.041666666666666664, -0.041666666666666664, -0.041666666666666664, -0.041666666666666664, -0.041666666666666664, -0.041666666666666664, -0.041666666666666664, -0.041666666666666664, -0.041666666666666664, -0.6694444444444444]"	"[-0.38055555555555554, -0.38055555555555554, -0.38055555555555554, -0.38055555555555554, -0.38055555555555554, -0.38055555555555554, -0.38055555555555554, -0.38055555555555554, -0.38055555555555554, -0.38055555555555554, -0.38055555555555554, -0.38055555555555554, -0.38055555555555554, -0.38055555555555554, -0.38055555555555554, -0.38055555555555554, -0.38055555555555554, -0.38055555555555554, -0.38055555555555554, -0.38055555555555554, -0.38055555555555554, -0.38055555555555554, -0.38055555555555554, -0.38055555555555554, -0.38055555555555554, -0.38055555555555554, 0.4083333333333333]"	"[1, 1, 1, 1, 1, 1, 1, 1, 1, 1, 1, 1, 1, 1, 1, 1, 1, 1, 1, 1, 1, 1, 1, 1, 1, 1, 0]"	"[0, 0, 0, 0, 0, 0, 0, 0, 0, 0, 0, 0, 0, 0, 0, 0, 0, 0, 0, 0, 0, 0, 0, 0, 0, 0, 0]"	"[0, 0, 0, 0, 0, 0, 0, 0, 0, 0, 0, 0, 0, 0, 0, 0, 0, 0, 0, 0, 0, 0, 0, 0, 0, 0, 1]"	"[0.23384559999976773, 0.3671341000008397, 0.5337060000001657, 0.6836670000011509, 0.8507329000003665, 1.000691999999617, 1.167180800001006, 1.3253736999995454, 1.483764099999462, 1.6422122000003583, 1.7755864999999176, 1.9422942000001058, 2.100528900000427, 2.2423854999997275, 2.434027999999671, 2.55892970000059, 2.750541200000953, 2.8921662000011565, 3.058848599999692, 3.2007622000000993, 3.359140500000649, 3.517184600001201, 3.659087300000465, 3.7923821000003954, 3.958906500000012, 4.150690599999507, 4.767339100000754]"	26	"[0.2257356999998592, 0.3590406000002986, 0.5256205000005139, 0.675560100000439, 0.8426282000000356, 0.9925884000003862, 1.1590713000005053, 1.3172641000001022, 1.4756579999993846, 1.6341001000000688, 1.7674805000006018, 1.9341843999991397, 2.092420499999207, 2.2342759000002843, 2.425919299999805, 2.5508162999994966, 2.742438699999184, 2.8840564000001905, 3.0507391999999527, 3.192658300000403, 3.3510378999999375, 3.5090724999990925, 3.650983499999711, 3.7842839999993885, 3.95079479999913, 4.142579499999556]"	"[0.2837576000001718, 0.45058479999897827, 0.6004192999989755, 0.7587970999993559, 0.9422754999995959, 1.0921932999990531, 1.2338450999995985, 1.4004543999999441, 1.5504473999990296, 1.7005361999999877, 1.8505315000002156, 2.0255194999990636, 2.183829199999309, 2.3257333999990806, 2.4839128000003257, 2.658965700000408, 2.817235200000141, 2.9756735999999364, 3.1255942999996478, 3.275680700000521, 3.4505962999992335, 3.5841598000006343, 3.7422740000001795, 3.8757041999997455, 4.052189699999872, 4.209027299999434]"	165.6271443000005	165.63283020000017	167.12476480000078	167.14957620000132								16	03	2024-02-08_11h29.44.527	BART_exp	2023.2.3	119.96967166738456	2024-02-08 11h30.03.067115 +0100	
balloon.png	36	0	16	16	8	167.14957620000132													167.12494060000063	167.14957620000132	167.14957620000132	167.14957620000132	167.14957620000132	167.14957620000132	-0.000850200000058976	-0.000850200000058976	-0.000850200000058976	167.14957620000132	172.10980970000128	27	1.35	False	"[-0.018518518518518517, -0.018518518518518517, -0.018518518518518517, -0.018518518518518517, -0.018518518518518517, -0.018518518518518517, -0.018518518518518517, -0.018518518518518517, -0.018518518518518517, -0.018518518518518517, -0.018518518518518517, -0.018518518518518517, -0.018518518518518517, -0.018518518518518517, -0.018518518518518517, -0.018518518518518517, -0.018518518518518517, -0.018518518518518517, -0.018518518518518517, -0.018518518518518517, -0.018518518518518517, -0.018518518518518517, -0.018518518518518517, -0.018518518518518517, -0.018518518518518517, -0.018518518518518517, -0.687037037037037]"	"[-0.39814814814814814, -0.39814814814814814, -0.39814814814814814, -0.39814814814814814, -0.39814814814814814, -0.39814814814814814, -0.39814814814814814, -0.39814814814814814, -0.39814814814814814, -0.39814814814814814, -0.39814814814814814, -0.39814814814814814, -0.39814814814814814, -0.39814814814814814, -0.39814814814814814, -0.39814814814814814, -0.39814814814814814, -0.39814814814814814, -0.39814814814814814, -0.39814814814814814, -0.39814814814814814, -0.39814814814814814, -0.39814814814814814, -0.39814814814814814, -0.39814814814814814, -0.39814814814814814, 0.3787037037037037]"	"[1, 1, 1, 1, 1, 1, 1, 1, 1, 1, 1, 1, 1, 1, 1, 1, 1, 1, 1, 1, 1, 1, 1, 1, 1, 1, 0]"	"[0, 0, 0, 0, 0, 0, 0, 0, 0, 0, 0, 0, 0, 0, 0, 0, 0, 0, 0, 0, 0, 0, 0, 0, 0, 0, 0]"	"[0, 0, 0, 0, 0, 0, 0, 0, 0, 0, 0, 0, 0, 0, 0, 0, 0, 0, 0, 0, 0, 0, 0, 0, 0, 0, 1]"	"[0.14212979999865638, 0.30046330000004673, 0.4503034999997908, 0.6086665999991965, 0.7505785999983345, 0.9255137000000104, 1.1005072999996628, 1.2503908999988198, 1.417057399999976, 1.5839242999991257, 1.733898999998928, 1.8756431999991037, 2.0672211999990395, 2.242138599998725, 2.4087934999988647, 2.5923149999998714, 2.7423922999987553, 2.917355799998404, 3.075628799999322, 3.2505067999991297, 3.408850199999506, 3.559016299999712, 3.7092107999997097, 3.850674599998456, 4.00056769999901, 4.134074099998543, 4.983967799998936]"	26	"[0.1309627000009641, 0.2892940000001545, 0.43913079999947513, 0.5975005000000237, 0.7394086000003881, 0.9143483000007109, 1.0893405999995593, 1.2392245000010007, 1.4058863000009296, 1.572758000000249, 1.722728200000347, 1.8644762999992963, 2.0560535000004165, 2.2309686000007787, 2.3976220000004105, 2.5811515000004874, 2.7312277000000904, 2.906188700000712, 3.06446219999998, 3.239339400000972, 3.397686000000249, 3.547848399999566, 3.6980471999995643, 3.8395173999997496, 3.989395099999456, 4.12291279999954]"	"[0.22238479999941774, 0.36404380000021774, 0.5057388000004721, 0.6806875000002037, 0.8474607999996806, 0.9806884999998147, 1.1640521000008448, 1.3390543999994406, 1.4557251000005635, 1.6559011000008468, 1.7975518000002921, 1.964232300000731, 2.155793800000538, 2.322501300001022, 2.4808305999995355, 2.6725065000009636, 2.8309298000003764, 3.014169399999446, 3.1558445999999094, 3.3142451999992772, 3.455874400000539, 3.6225374000005104, 3.7725814000004902, 3.9225659999992786, 4.072579100000439, 4.205976600000213]"	172.11086830000022	172.1165957000012	173.60855129999982	173.62506960000064								16	03	2024-02-08_11h29.44.527	BART_exp	2023.2.3	119.96967166738456	2024-02-08 11h30.03.067115 +0100	
balloon.png	118	0	17	17	27	173.62506960000064													173.60873150000043	173.62506960000064	173.62506960000064	173.62506960000064	173.62506960000064	173.62506960000064	-0.0007590000004711328	-0.0007590000004711328	-0.0007590000004711328	173.62506960000064	178.20214470000064	26	1.30	False	"[0.000925925925925926, 0.000925925925925926, 0.000925925925925926, 0.000925925925925926, 0.000925925925925926, 0.000925925925925926, 0.000925925925925926, 0.000925925925925926, 0.000925925925925926, 0.000925925925925926, 0.000925925925925926, 0.000925925925925926, 0.000925925925925926, 0.000925925925925926, 0.000925925925925926, 0.000925925925925926, 0.000925925925925926, 0.000925925925925926, 0.000925925925925926, 0.000925925925925926, 0.000925925925925926, 0.000925925925925926, 0.000925925925925926, 0.000925925925925926, 0.000925925925925926, -0.7694444444444445]"	"[-0.4074074074074074, -0.4074074074074074, -0.4074074074074074, -0.4074074074074074, -0.4074074074074074, -0.4074074074074074, -0.4074074074074074, -0.4074074074074074, -0.4074074074074074, -0.4074074074074074, -0.4074074074074074, -0.4074074074074074, -0.4074074074074074, -0.4074074074074074, -0.4074074074074074, -0.4074074074074074, -0.4074074074074074, -0.4074074074074074, -0.4074074074074074, -0.4074074074074074, -0.4074074074074074, -0.4074074074074074, -0.4074074074074074, -0.4074074074074074, -0.4074074074074074, 0.412962962962963]"	"[1, 1, 1, 1, 1, 1, 1, 1, 1, 1, 1, 1, 1, 1, 1, 1, 1, 1, 1, 1, 1, 1, 1, 1, 1, 0]"	"[0, 0, 0, 0, 0, 0, 0, 0, 0, 0, 0, 0, 0, 0, 0, 0, 0, 0, 0, 0, 0, 0, 0, 0, 0, 0]"	"[0, 0, 0, 0, 0, 0, 0, 0, 0, 0, 0, 0, 0, 0, 0, 0, 0, 0, 0, 0, 0, 0, 0, 0, 0, 1]"	"[0.09211219999997411, 0.22550799999953597, 0.37552039999900444, 0.5169927999995707, 0.6838422000000719, 0.833826099998987, 0.9836691000000428, 1.1421013999988645, 1.300575299999764, 1.458964499999638, 1.6353017000001273, 1.7838691999986622, 1.9504333999993833, 2.092262000000119, 2.2505934000000707, 2.40897909999876, 2.575471899999684, 2.7421360999996978, 2.892183500000101, 3.0423163999985263, 3.192478299999493, 3.3672305999989476, 3.5172535000001517, 3.6922365999998874, 3.8922296000000642, 4.592441699998744]"	25	"[0.08498239999971702, 0.21837330000016664, 0.3683922000000166, 0.5098573000013857, 0.6767150000014226, 0.826693900000464, 0.9765364000013506, 1.1349725000000035, 1.2934417000014946, 1.4518392000009044, 1.6283343000013701, 1.776738700000351, 1.9433015000013256, 2.0851348000014696, 2.243461699999898, 2.4018422000008286, 2.5683387000008224, 2.7350016000000323, 2.8850572999999713, 3.0351864000003843, 3.1853453000003356, 3.3600949000010587, 3.510118500000317, 3.6851080000014917, 3.885096500000145]"	"[0.176355000001422, 0.2930200999999215, 0.42634300000099756, 0.6013481000009051, 0.734744999999748, 0.9013805000013235, 1.0680877000013425, 1.201422600001024, 1.3764562000014848, 1.5431483000011212, 1.6847727000003943, 1.859813099999883, 2.0014575000004697, 2.1682204000007914, 2.3348038000003726, 2.4932132000012643, 2.643190400000094, 2.7931817999997293, 2.9515712000011263, 3.109972000000198, 3.268256900000779, 3.426775500000076, 3.5765748000012536, 3.809929300001386, 3.9766300999999658]"	178.2032130000007	178.2087191999999	179.7006693000003	179.70888110000124								16	03	2024-02-08_11h29.44.527	BART_exp	2023.2.3	119.96967166738456	2024-02-08 11h30.03.067115 +0100	
balloon.png	27	0	18	18	6	179.70888110000124													179.70084860000134	179.70888110000124	179.70888110000124	179.70888110000124	179.70888110000124	179.70888110000124	0.005737100000260398	0.005737100000260398	0.005737100000260398	179.70888110000124	184.71936079999978	28	1.35	True	"[-0.013888888888888888, -0.013888888888888888, -0.013888888888888888, -0.013888888888888888, -0.013888888888888888, -0.013888888888888888, -0.013888888888888888, -0.013888888888888888, -0.013888888888888888, -0.013888888888888888, -0.013888888888888888, -0.013888888888888888, -0.013888888888888888, -0.013888888888888888, -0.013888888888888888, -0.013888888888888888, -0.013888888888888888, -0.013888888888888888, -0.013888888888888888, -0.013888888888888888, -0.013888888888888888, -0.013888888888888888, -0.013888888888888888, -0.013888888888888888, -0.013888888888888888, -0.013888888888888888, -0.013888888888888888, -0.013888888888888888]"	"[-0.375, -0.375, -0.375, -0.375, -0.375, -0.375, -0.375, -0.375, -0.375, -0.375, -0.375, -0.375, -0.375, -0.375, -0.375, -0.375, -0.375, -0.375, -0.375, -0.375, -0.375, -0.375, -0.375, -0.375, -0.375, -0.375, -0.375, -0.375]"	"[1, 1, 1, 1, 1, 1, 1, 1, 1, 1, 1, 1, 1, 1, 1, 1, 1, 1, 1, 1, 1, 1, 1, 1, 1, 1, 1, 1]"	"[0, 0, 0, 0, 0, 0, 0, 0, 0, 0, 0, 0, 0, 0, 0, 0, 0, 0, 0, 0, 0, 0, 0, 0, 0, 0, 0, 0]"	"[0, 0, 0, 0, 0, 0, 0, 0, 0, 0, 0, 0, 0, 0, 0, 0, 0, 0, 0, 0, 0, 0, 0, 0, 0, 0, 0, 0]"	"[0.2003217000001314, 0.35878539999976056, 0.4920831999988877, 0.6586279999992257, 0.8336793999988004, 1.0004370999995444, 1.16719269999885, 1.3507116999990103, 1.5338666999996349, 1.6838465999990149, 1.8753855999984808, 2.0671025999999983, 2.2087692999994033, 2.367258700000093, 2.5172710999995616, 2.683789099999558, 2.860170099998868, 3.042300199998863, 3.2339794999988953, 3.3923431999992317, 3.5423620000001392, 3.708997499999896, 3.8755277000000206, 4.0255606999999145, 4.18412410000019, 4.325767499998619, 4.475567599998612, 4.925762799999575]"	28	"[0.1984945999993215, 0.35694879999937257, 0.4902463999987958, 0.6567935999992187, 0.8318402000004426, 0.9985993999998755, 1.1653606999989279, 1.348883399999977, 1.5320288999992044, 1.682009799998923, 1.8735524000003352, 2.065273000000161, 2.2069309999988036, 2.3654272999992827, 2.5154330000004848, 2.681953799999974, 2.858516599999348, 3.0404691999992792, 3.232151000000158, 3.390511100000367, 3.5405269999992015, 3.707160699999804, 3.873690500000521, 4.023723099999188, 4.182290099999591, 4.323996699999043, 4.473734400000467, 4.92392959999961]"	"[0.265072299998792, 0.41496379999989585, 0.5900184999991325, 0.7568609999998444, 0.9233469999999215, 1.0901400000002468, 1.2650610000000597, 1.4484475999997812, 1.6234772999996494, 1.798404400000436, 1.9650954999997339, 2.115086899999369, 2.2901064999987284, 2.4485207999987324, 2.606835599999613, 2.790127999998731, 2.965141799999401, 3.14850959999967, 3.281833299999562, 3.473566700000447, 3.6402517999995325, 3.7985441999990144, 3.965340099999594, 4.090247399999498, 4.25706480000008, 4.406951599999957, 4.590273800000432, 5.0069720999999845]"	184.7203922000008	184.7258221000011	186.2177698000014	186.22594290000052								16	03	2024-02-08_11h29.44.527	BART_exp	2023.2.3	119.96967166738456	2024-02-08 11h30.03.067115 +0100	
balloon.png	101	0	19	19	23	186.22594290000052													186.217947000001	186.22594290000052	186.22594290000052	186.22594290000052	186.22594290000052	186.22594290000052	0.005617000000711414			186.22594290000052	191.8114139999998	25	1.25	False	"[-0.013888888888888888, -0.013888888888888888, -0.013888888888888888, -0.013888888888888888, -0.013888888888888888, -0.013888888888888888, -0.013888888888888888, -0.013888888888888888, -0.013888888888888888, -0.013888888888888888, -0.013888888888888888, -0.013888888888888888, -0.013888888888888888, -0.013888888888888888, -0.013888888888888888, -0.013888888888888888, -0.013888888888888888, -0.013888888888888888, -0.013888888888888888, -0.013888888888888888, -0.013888888888888888, -0.013888888888888888, -0.013888888888888888, -0.013888888888888888, -0.013888888888888888, -0.737037037037037]"	"[-0.37592592592592594, -0.37592592592592594, -0.37592592592592594, -0.37592592592592594, -0.37592592592592594, -0.37592592592592594, -0.37592592592592594, -0.37592592592592594, -0.37592592592592594, -0.37592592592592594, -0.37592592592592594, -0.37592592592592594, -0.37592592592592594, -0.37592592592592594, -0.37592592592592594, -0.37592592592592594, -0.37592592592592594, -0.37592592592592594, -0.37592592592592594, -0.37592592592592594, -0.37592592592592594, -0.37592592592592594, -0.37592592592592594, -0.37592592592592594, -0.37592592592592594, 0.3824074074074074]"	"[1, 1, 1, 1, 1, 1, 1, 1, 1, 1, 1, 1, 1, 1, 1, 1, 1, 1, 1, 1, 1, 1, 1, 1, 1, 0]"	"[0, 0, 0, 0, 0, 0, 0, 0, 0, 0, 0, 0, 0, 0, 0, 0, 0, 0, 0, 0, 0, 0, 0, 0, 0, 0]"	"[0, 0, 0, 0, 0, 0, 0, 0, 0, 0, 0, 0, 0, 0, 0, 0, 0, 0, 0, 0, 0, 0, 0, 0, 0, 1]"	"[0.21718460000010964, 0.3756852999995317, 0.5253408999997191, 0.675344799999948, 0.8171624999995402, 0.9838538999993034, 1.2172009000005346, 1.3503753999993933, 1.5087743000003684, 1.6755408999997599, 1.8505795999990369, 2.0339837999999872, 2.20898809999926, 2.383932200000345, 2.550465099999201, 2.7088039999998728, 2.867305199999464, 3.0341091999998753, 3.20899400000053, 3.3840438999995968, 3.558954799998901, 3.7338779999990948, 3.9089322999989236, 4.067234699999972, 4.434100700000272, 5.592539499999475]"	25	"[0.21531279999908293, 0.3738130000001547, 0.5234674000002997, 0.673471399999471, 0.8152906999985134, 0.9819818999985728, 1.2153320999987045, 1.3485053999993397, 1.5069036999993841, 1.6736676000000443, 1.8487100999991526, 2.0321150999989186, 2.207120199998826, 2.3820613999996567, 2.5485891999996966, 2.706933699999354, 2.8654391000000032, 3.0322391999998217, 3.2071211999991647, 3.3821759999991627, 3.5570865999998205, 3.73200530000031, 3.9070615000000544, 4.06536319999941, 4.43224519999967]"	"[0.28163059999860707, 0.4399876999996195, 0.598342600000251, 0.7484139999996842, 0.9149941999985458, 1.0900363999990077, 1.2733579999985523, 1.4483792999999423, 1.6150627999995777, 1.7901064999987284, 1.9401894999991782, 2.1402679000002536, 2.3151454999988346, 2.473424599998907, 2.6401475999991817, 2.7984829999986687, 2.9652375999994547, 3.1332311999995, 3.298479099999895, 3.4986291999994137, 3.6570163999986107, 3.8402829999995447, 4.015198600000076, 4.173545899999226, 4.498612800000046]"	191.8125130999997	191.81804150000062	193.30997380000008	193.32642099999975								16	03	2024-02-08_11h29.44.527	BART_exp	2023.2.3	119.96967166738456	2024-02-08 11h30.03.067115 +0100	
balloon.png	88	0	20	20	20	193.32642099999975													193.31016350000027	193.32642099999975	193.32642099999975	193.32642099999975	193.32642099999975	193.32642099999975	-0.0009441000001970679	-0.0009441000001970679	-0.0009441000001970679	193.32642099999975	197.83679630000006	24	1.20	False	"[-0.03333333333333333, -0.03333333333333333, -0.03333333333333333, -0.03333333333333333, -0.03333333333333333, -0.03333333333333333, -0.03333333333333333, -0.03333333333333333, -0.03333333333333333, -0.03333333333333333, -0.03333333333333333, -0.03333333333333333, -0.03333333333333333, -0.03333333333333333, -0.03333333333333333, -0.03333333333333333, -0.03333333333333333, -0.03333333333333333, -0.03333333333333333, -0.03333333333333333, -0.03333333333333333, -0.03333333333333333, -0.03333333333333333, -0.03333333333333333, -0.6953703703703704]"	"[-0.4185185185185185, -0.4185185185185185, -0.4185185185185185, -0.4185185185185185, -0.4185185185185185, -0.4185185185185185, -0.4185185185185185, -0.4185185185185185, -0.4185185185185185, -0.4185185185185185, -0.4185185185185185, -0.4185185185185185, -0.4185185185185185, -0.4185185185185185, -0.4185185185185185, -0.4185185185185185, -0.4185185185185185, -0.4185185185185185, -0.4185185185185185, -0.4185185185185185, -0.4185185185185185, -0.4185185185185185, -0.4185185185185185, -0.4185185185185185, 0.4074074074074074]"	"[1, 1, 1, 1, 1, 1, 1, 1, 1, 1, 1, 1, 1, 1, 1, 1, 1, 1, 1, 1, 1, 1, 1, 1, 0]"	"[0, 0, 0, 0, 0, 0, 0, 0, 0, 0, 0, 0, 0, 0, 0, 0, 0, 0, 0, 0, 0, 0, 0, 0, 0]"	"[0, 0, 0, 0, 0, 0, 0, 0, 0, 0, 0, 0, 0, 0, 0, 0, 0, 0, 0, 0, 0, 0, 0, 0, 1]"	"[0.0503549999993993, 0.22541409999939788, 0.37535530000059225, 0.5504469999996218, 0.7004156000002695, 0.8504348999995273, 1.010077299999466, 1.167005600000266, 1.3254763999993884, 1.6253347999991092, 1.8003432000004977, 1.958702699999776, 2.1172494999991613, 2.2504509999998845, 2.417050800000652, 2.5754041000000143, 2.7255858999997145, 2.883913899999243, 3.05913529999998, 3.2171006000007765, 3.35068610000053, 3.5007550999998784, 3.6421590999998443, 3.7838203999999678, 4.525693399999]"	23	"[0.04471360000025015, 0.219774299999699, 0.36972009999954025, 0.5448079999987385, 0.6947731000000203, 0.8447992999990674, 1.0046082999997452, 1.1613643999990018, 1.3198400999990554, 1.619696699999622, 1.7947052999988955, 1.953065499999866, 2.1116196000002674, 2.4114145999992616, 2.569766399999935, 2.7199602000000596, 2.8782713000000513, 3.0534944999999425, 3.2114596999999776, 3.345049300000028, 3.4951187999995454, 3.6365250999988348, 3.7781828999995923]"	"[0.14470799999980954, 0.2944881000003079, 0.4778227999995579, 0.6361448999996355, 0.7778576999990037, 0.9361527000000933, 1.0861821999988024, 1.2361793999989459, 1.3945375000002969, 1.7197885999994469, 1.8779135000004317, 2.019625699998869, 2.336262299999362, 2.544603799999095, 2.644648399998914, 2.8029767999996693, 2.986295099999552, 3.1279905999999755, 3.2696565999995073, 3.428016199999547, 3.5781186999993224, 3.719680199999857, 3.8613520999988395]"	197.83781330000056	197.84344109999984	199.3354006999998	199.3601716000012								16	03	2024-02-08_11h29.44.527	BART_exp	2023.2.3	119.96967166738456	2024-02-08 11h30.03.067115 +0100	
balloon.png	14	0	21	21	3	199.3601716000012													199.3355829000011	199.3601716000012	199.3601716000012	199.3601716000012	199.3601716000012	199.3601716000012	-0.0009902999991027173	-0.0009902999991027173	-0.0009902999991027173	199.3601716000012	202.02083930000117	15	0.70	True	"[-0.03981481481481482, -0.03981481481481482, -0.03981481481481482, -0.03981481481481482, -0.03981481481481482, -0.03981481481481482, -0.03981481481481482, -0.03981481481481482, -0.03981481481481482, -0.03981481481481482, -0.03981481481481482, -0.03981481481481482, -0.03981481481481482, -0.03981481481481482, -0.03981481481481482]"	"[-0.40185185185185185, -0.40185185185185185, -0.40185185185185185, -0.40185185185185185, -0.40185185185185185, -0.40185185185185185, -0.40185185185185185, -0.40185185185185185, -0.40185185185185185, -0.40185185185185185, -0.40185185185185185, -0.40185185185185185, -0.40185185185185185, -0.40185185185185185, -0.40185185185185185]"	"[1, 1, 1, 1, 1, 1, 1, 1, 1, 1, 1, 1, 1, 1, 1]"	"[0, 0, 0, 0, 0, 0, 0, 0, 0, 0, 0, 0, 0, 0, 0]"	"[0, 0, 0, 0, 0, 0, 0, 0, 0, 0, 0, 0, 0, 0, 0]"	"[0.22528439999950933, 0.3920832999992854, 0.5503768999988097, 0.7087993999994069, 0.9004823999985092, 1.0838664999992034, 1.2588636000000406, 1.4421581999995396, 1.6088316999994277, 1.7838173999989522, 1.9420441999991453, 2.092256299998553, 2.283901299999343, 2.442259599998579, 2.617473499998596]"	15	"[0.21440670000083628, 0.3812093000015011, 0.5395004000001791, 0.697921300001326, 0.8896034999997937, 1.0729941999998118, 1.2479938000014954, 1.431290500000614, 1.5979572000014741, 1.7729453000010835, 1.931170600000769, 2.0813814000011917, 2.2730224000006274, 2.431380400001217, 2.606596100000388]"	"[0.28093620000072406, 0.44771380000020145, 0.6394188000012946, 0.797600699999748, 0.9810238000009122, 1.1810352000011335, 1.3644570000014937, 1.5394943999999668, 1.6810027999999875, 1.8393940000005387, 2.0226989000002504, 2.1977213000009215, 2.3644034000008105, 2.5240621000011743, 2.6644398999997065]"	202.02184260000104	202.02704989999984	203.51899570000023	203.52713460000086								16	03	2024-02-08_11h29.44.527	BART_exp	2023.2.3	119.96967166738456	2024-02-08 11h30.03.067115 +0100	
balloon.png	1	0	22	22	0	203.52713460000086													203.51916990000063	203.52713460000086	203.52713460000086	203.52713460000086	203.52713460000086	203.52713460000086	0.005353599999580183			203.52713460000086	204.00417460000062	2	0.05	True	"[-0.03981481481481482, -0.03981481481481482]"	"[-0.40185185185185185, -0.40185185185185185]"	"[1, 1]"	"[0, 0]"	"[0, 0]"	"[0.23386889999892446, 0.4100570999999036]"	2	"[0.23199079999903915, 0.40833910000037577]"	"[0.32340389999990293, 0.4732729000006657]"	204.0047625999996	204.01050510000096	205.50252069999988	205.51896540000052								16	03	2024-02-08_11h29.44.527	BART_exp	2023.2.3	119.96967166738456	2024-02-08 11h30.03.067115 +0100	
balloon.png	44	0	23	23	10	205.51896540000052													205.50270340000134	205.51896540000052	205.51896540000052	205.51896540000052	205.51896540000052	205.51896540000052	-0.0007347000009758631	-0.0007347000009758631	-0.0007347000009758631	205.51896540000052	211.27092170000105	27	1.35	False	"[-0.03981481481481482, -0.03981481481481482, -0.03981481481481482, -0.03981481481481482, -0.03981481481481482, -0.03981481481481482, -0.03981481481481482, -0.03981481481481482, -0.03981481481481482, -0.03981481481481482, -0.03981481481481482, -0.03981481481481482, -0.03981481481481482, -0.03981481481481482, -0.03981481481481482, -0.03981481481481482, -0.03981481481481482, -0.03981481481481482, -0.03981481481481482, -0.03981481481481482, -0.03981481481481482, -0.03981481481481482, -0.03981481481481482, -0.03981481481481482, -0.03981481481481482, -0.03981481481481482, -0.03981481481481482, -0.7509259259259259]"	"[-0.4074074074074074, -0.4074074074074074, -0.4074074074074074, -0.4074074074074074, -0.4074074074074074, -0.4074074074074074, -0.4074074074074074, -0.4074074074074074, -0.4074074074074074, -0.4074074074074074, -0.4074074074074074, -0.4074074074074074, -0.4074074074074074, -0.4074074074074074, -0.4074074074074074, -0.4074074074074074, -0.4074074074074074, -0.4074074074074074, -0.4074074074074074, -0.4074074074074074, -0.4074074074074074, -0.4074074074074074, -0.4074074074074074, -0.4074074074074074, -0.4074074074074074, -0.4074074074074074, -0.4074074074074074, 0.37222222222222223]"	"[1, 1, 1, 1, 1, 1, 1, 1, 1, 1, 1, 1, 1, 1, 1, 1, 1, 1, 1, 1, 1, 1, 1, 1, 1, 1, 1, 0]"	"[0, 0, 0, 0, 0, 0, 0, 0, 0, 0, 0, 0, 0, 0, 0, 0, 0, 0, 0, 0, 0, 0, 0, 0, 0, 0, 0, 0]"	"[0, 0, 0, 0, 0, 0, 0, 0, 0, 0, 0, 0, 0, 0, 0, 0, 0, 0, 0, 0, 0, 0, 0, 0, 0, 0, 0, 1]"	"[0.23352589999922202, 0.3670163999995566, 0.5004332999997132, 0.6503945999993448, 0.8169472999998106, 0.9586620999998559, 1.1088644999999815, 1.2754789999999048, 1.4420804000001226, 1.616956099998788, 1.7837965999988228, 1.9254948999987391, 2.0838368000004266, 2.2336584999993647, 2.3754778999991686, 2.5420696000001044, 2.6922416999987036, 2.858868999999686, 3.0337194000003365, 3.1920766000002914, 3.34227219999957, 3.500648999999612, 3.667286799998692, 3.8422728999994433, 4.175535000000309, 4.334044399998675, 4.592206799999985, 5.767261799999687]"	27	"[0.23000580000007176, 0.36349820000032196, 0.4969139000004361, 0.6468712000005326, 0.8134274000003643, 0.955145400001129, 1.1053442000011273, 1.2719561000012618, 1.438561099999788, 1.6134351000000606, 1.7802729000013642, 1.921978800000943, 2.0803130000003875, 2.2301452000010613, 2.371954000000187, 2.5385474000013346, 2.688722900000357, 2.855349200001001, 3.0301969000011013, 3.188560200000211, 3.338748800000758, 3.497128500001054, 3.6637659999996686, 3.838754100001097, 4.172024800000145, 4.330533000000287, 4.5886859000002005]"	"[0.3048580000013317, 0.4465791000002355, 0.5798769000011816, 0.7215639000005467, 0.8799177000000782, 1.0466637999998056, 1.2132835000011255, 1.371714200000497, 1.5382819000005838, 1.6718426999996154, 1.838354999999865, 2.013326899999811, 2.1633504000001267, 2.28849369999989, 2.446782200000598, 2.6300392000011925, 2.78006970000024, 2.9550501000012446, 3.105089200000293, 3.238413799999762, 3.4050915999996505, 3.5801319000001968, 3.746771100000842, 3.880138300000908, 4.26350530000127, 4.413499899999806, 4.655173000001014]"	211.27200799999991	211.2776840000006	212.769754500001	212.78615400000126								16	03	2024-02-08_11h29.44.527	BART_exp	2023.2.3	119.96967166738456	2024-02-08 11h30.03.067115 +0100	
balloon.png	114	0	24	24	26	212.78615400000126													212.7699444000009	212.78615400000126	212.78615400000126	212.78615400000126	212.78615400000126	212.78615400000126	-0.0006822999985161005	-0.0006822999985161005	-0.0006822999985161005	212.78615400000126	218.24634390000028	26	1.30	False	"[-0.05925925925925926, -0.05925925925925926, -0.05925925925925926, -0.05925925925925926, -0.058333333333333334, -0.058333333333333334, -0.058333333333333334, -0.058333333333333334, -0.058333333333333334, -0.058333333333333334, -0.058333333333333334, -0.058333333333333334, -0.058333333333333334, -0.058333333333333334, -0.058333333333333334, -0.058333333333333334, -0.058333333333333334, -0.058333333333333334, -0.058333333333333334, -0.058333333333333334, -0.058333333333333334, -0.058333333333333334, -0.058333333333333334, -0.058333333333333334, -0.058333333333333334, -0.058333333333333334, -0.7824074074074074]"	"[-0.38333333333333336, -0.38333333333333336, -0.38333333333333336, -0.38333333333333336, -0.38333333333333336, -0.38333333333333336, -0.38333333333333336, -0.38333333333333336, -0.38333333333333336, -0.38333333333333336, -0.38333333333333336, -0.38333333333333336, -0.38333333333333336, -0.38333333333333336, -0.38333333333333336, -0.38333333333333336, -0.38333333333333336, -0.38333333333333336, -0.38333333333333336, -0.38333333333333336, -0.38333333333333336, -0.38333333333333336, -0.38333333333333336, -0.38333333333333336, -0.38333333333333336, -0.38333333333333336, 0.45]"	"[1, 1, 1, 1, 1, 1, 1, 1, 1, 1, 1, 1, 1, 1, 1, 1, 1, 1, 1, 1, 1, 1, 1, 1, 1, 1, 0]"	"[0, 0, 0, 0, 0, 0, 0, 0, 0, 0, 0, 0, 0, 0, 0, 0, 0, 0, 0, 0, 0, 0, 0, 0, 0, 0, 0]"	"[0, 0, 0, 0, 0, 0, 0, 0, 0, 0, 0, 0, 0, 0, 0, 0, 0, 0, 0, 0, 0, 0, 0, 0, 0, 0, 1]"	"[0.35858400000142865, 0.5251720000014757, 0.67535560000033, 0.8751927000012074, 1.0835289000006014, 1.258738500000618, 1.4504002000012406, 1.625459500000943, 1.8024916000013036, 1.9524161000008462, 2.1190707000005204, 2.2855225000002974, 2.452713300001051, 2.6430184000000736, 2.83383270000013, 2.9840124000002106, 3.133511699999872, 3.2751739000013913, 3.4505426000014268, 3.6086761000005936, 3.7588246000013896, 3.916965700000219, 4.058735600001455, 4.200498300000618, 4.325255800000377, 4.450506900000619, 5.475400400000581]"	26	"[0.35256029999982275, 0.5191467000004195, 0.6693328999990626, 0.8691643999991356, 1.0775001000001794, 1.2527107999994769, 1.4443744999989576, 1.6194496999996773, 1.796625099999801, 1.9465462999996817, 2.1132357999995293, 2.279629799999384, 2.446719999999914, 2.6372033000006923, 2.827816900000471, 2.9780654000005597, 3.1274843999999575, 3.269153199998982, 3.4445223999991867, 3.6026500000007218, 3.7528003999996145, 3.9109389999994164, 4.052710899999511, 4.194474800000535, 4.3192340999994485, 4.444481599999563]"	"[0.45230679999986023, 0.6190860000006069, 0.777330200000506, 0.9773263999995834, 1.1774932999996963, 1.3607912000006763, 1.544037699999535, 1.7279352999994444, 1.8956748000000516, 2.04615609999928, 2.1959960000003775, 2.362004700000398, 2.552993900000729, 2.728273000000627, 2.9024761999990005, 3.061993999999686, 3.2124273999997968, 3.377661200000148, 3.53569779999998, 3.6773694999992586, 3.836761299999125, 3.9774020000004384, 4.135785399999804, 4.2867392000007385, 4.419099200000346, 4.552474800000709]"	218.2474379000014	218.2530196000007	219.74503470000127	219.7697573000005								16	03	2024-02-08_11h29.44.527	BART_exp	2023.2.3	119.96967166738456	2024-02-08 11h30.03.067115 +0100	
balloon.png	53	0	25	25	12	219.7697573000005													219.74524259999998	219.7697573000005	219.7697573000005	219.7697573000005	219.7697573000005	219.7697573000005	-0.0007901999997557141	-0.0007901999997557141	-0.0007901999997557141	219.7697573000005	227.43881150000016	36	1.80	False	"[0.013888888888888888, 0.013888888888888888, 0.013888888888888888, 0.013888888888888888, 0.013888888888888888, 0.013888888888888888, 0.013888888888888888, 0.013888888888888888, 0.013888888888888888, 0.013888888888888888, 0.013888888888888888, 0.013888888888888888, 0.013888888888888888, 0.013888888888888888, 0.013888888888888888, 0.013888888888888888, 0.013888888888888888, 0.013888888888888888, 0.013888888888888888, 0.013888888888888888, 0.013888888888888888, 0.013888888888888888, 0.013888888888888888, 0.013888888888888888, 0.013888888888888888, 0.013888888888888888, 0.013888888888888888, 0.013888888888888888, 0.013888888888888888, 0.013888888888888888, 0.013888888888888888, 0.013888888888888888, 0.013888888888888888, 0.013888888888888888, 0.013888888888888888, 0.013888888888888888, -0.6861111111111111]"	"[-0.4, -0.4, -0.4, -0.4, -0.4, -0.4, -0.4, -0.4, -0.4, -0.4, -0.4, -0.4, -0.4, -0.4, -0.4, -0.4, -0.4, -0.4, -0.4, -0.4, -0.4, -0.4, -0.4, -0.4, -0.4, -0.4, -0.4, -0.4, -0.4, -0.4, -0.4, -0.4, -0.4, -0.4, -0.4, -0.4, 0.425]"	"[1, 1, 1, 1, 1, 1, 1, 1, 1, 1, 1, 1, 1, 1, 1, 1, 1, 1, 1, 1, 1, 1, 1, 1, 1, 1, 1, 1, 1, 1, 1, 1, 1, 1, 1, 1, 0]"	"[0, 0, 0, 0, 0, 0, 0, 0, 0, 0, 0, 0, 0, 0, 0, 0, 0, 0, 0, 0, 0, 0, 0, 0, 0, 0, 0, 0, 0, 0, 0, 0, 0, 0, 0, 0, 0]"	"[0, 0, 0, 0, 0, 0, 0, 0, 0, 0, 0, 0, 0, 0, 0, 0, 0, 0, 0, 0, 0, 0, 0, 0, 0, 0, 0, 0, 0, 0, 0, 0, 0, 0, 0, 0, 1]"	"[0.291819599999144, 0.44206300000041665, 0.5836091999990458, 0.7168535999990127, 0.8587012999996659, 0.992183099999238, 1.1587393999998312, 1.3085412999989785, 1.4755612999997538, 1.642132999999376, 1.7671262999992905, 1.9169179999989865, 2.0838939000004757, 2.2171743999988394, 2.3922836999990977, 2.558888699999443, 2.7336969999996654, 2.8671639999993204, 3.017145599998912, 3.1921406999990722, 3.3586574000000837, 3.508766499999183, 3.68393979999928, 3.858970799999952, 4.017306399999143, 4.150511699999697, 4.350582499999291, 4.4922360999989905, 4.825700899998992, 4.975735599999098, 5.100549799999499, 5.400739499998963, 5.7089980999990075, 6.067541799999162, 6.192638399999851, 6.542464899999686, 7.692568200000096]"	36	"[0.28083519999927375, 0.43108199999915087, 0.5726273000000219, 0.7058694000006653, 0.8477222999990772, 0.9812039999997069, 1.1477586999990308, 1.2975607000007585, 1.4645820000005187, 1.631149099999675, 1.7561459000007744, 1.9059421999991173, 2.072925000000396, 2.206200500000705, 2.3813067999999475, 2.547916699999405, 2.7227165999993304, 2.8561850000005506, 3.0061604999991687, 3.181154300000344, 3.3476738999997906, 3.497806800000035, 3.6729507000000012, 3.847984899999574, 4.0063305999992735, 4.139521799999784, 4.3396009000007325, 4.48125280000022, 4.814717699999164, 4.96476629999961, 5.089565000000221, 5.3897577000007, 5.698014800000237, 6.056562499999927, 6.1816615000007005, 6.531478499999139]"	"[0.33919699999933073, 0.4890512999991188, 0.630685000000085, 0.7890492999995331, 0.9392038000005414, 1.089233200000308, 1.2224057000003086, 1.3642397000003257, 1.522619699999268, 1.6807776000005106, 1.830950199999279, 1.9893668999993679, 2.1393719000006968, 2.322697600000538, 2.4809110000005603, 2.639368000000104, 2.780812099999821, 2.9641752999996243, 3.114166800000021, 3.2725202000001445, 3.447669799999858, 3.5976769999997487, 3.7726946999991924, 3.939460899999176, 4.122782799999186, 4.231061599999521, 4.422730000000229, 4.581137900000613, 4.897755800000596, 5.056081999999151, 5.164459699999497, 5.506156800000099, 5.78946360000009, 6.131218099999387, 6.281294200000048, 6.614654799999698]"	227.4400415	227.4455252000007	228.93744320000042	228.94559450000088								16	03	2024-02-08_11h29.44.527	BART_exp	2023.2.3	119.96967166738456	2024-02-08 11h30.03.067115 +0100	
balloon.png	84	0	26	26	19	228.94559450000088													228.93762570000035	228.94559450000088	228.94559450000088	228.94559450000088	228.94559450000088	228.94559450000088	0.005616599999484606	0.005616599999484606	0.005616599999484606	228.94559450000088	235.49794920000022	32	1.60	False	"[-0.007407407407407408, -0.007407407407407408, -0.007407407407407408, -0.007407407407407408, -0.007407407407407408, -0.007407407407407408, -0.007407407407407408, -0.007407407407407408, -0.007407407407407408, -0.007407407407407408, -0.007407407407407408, -0.007407407407407408, -0.007407407407407408, -0.007407407407407408, -0.007407407407407408, -0.007407407407407408, -0.007407407407407408, -0.007407407407407408, -0.007407407407407408, -0.007407407407407408, -0.007407407407407408, -0.007407407407407408, -0.007407407407407408, -0.007407407407407408, -0.007407407407407408, -0.007407407407407408, -0.007407407407407408, -0.007407407407407408, -0.007407407407407408, -0.007407407407407408, -0.007407407407407408, -0.007407407407407408, -0.7240740740740741]"	"[-0.35648148148148145, -0.35648148148148145, -0.35648148148148145, -0.35648148148148145, -0.35648148148148145, -0.35648148148148145, -0.35648148148148145, -0.35648148148148145, -0.35648148148148145, -0.35648148148148145, -0.35648148148148145, -0.35648148148148145, -0.35648148148148145, -0.35648148148148145, -0.35648148148148145, -0.35648148148148145, -0.35648148148148145, -0.35648148148148145, -0.35648148148148145, -0.35648148148148145, -0.35648148148148145, -0.35648148148148145, -0.35648148148148145, -0.35648148148148145, -0.35648148148148145, -0.35648148148148145, -0.35648148148148145, -0.35648148148148145, -0.35648148148148145, -0.35648148148148145, -0.35648148148148145, -0.35648148148148145, 0.4046296296296296]"	"[1, 1, 1, 1, 1, 1, 1, 1, 1, 1, 1, 1, 1, 1, 1, 1, 1, 1, 1, 1, 1, 1, 1, 1, 1, 1, 1, 1, 1, 1, 1, 1, 0]"	"[0, 0, 0, 0, 0, 0, 0, 0, 0, 0, 0, 0, 0, 0, 0, 0, 0, 0, 0, 0, 0, 0, 0, 0, 0, 0, 0, 0, 0, 0, 0, 0, 0]"	"[0, 0, 0, 0, 0, 0, 0, 0, 0, 0, 0, 0, 0, 0, 0, 0, 0, 0, 0, 0, 0, 0, 0, 0, 0, 0, 0, 0, 0, 0, 0, 0, 1]"	"[0.22554090000085125, 0.3756284000010055, 0.5086625000003551, 0.6672070000004169, 0.8339250000008178, 0.9838303000015003, 1.151702799999839, 1.3254162000012002, 1.5004447999999684, 1.6591243000002578, 1.8339028999998845, 2.00899279999976, 2.2089406000013696, 2.367101600000751, 2.525467800000115, 2.7004606000009517, 2.883814100001473, 3.0589823000009346, 3.209022000000914, 3.367317500000354, 3.5505563000006077, 3.750531499999852, 3.9176691000011488, 4.075576600000204, 4.250721700000213, 4.375760500000979, 4.717315400001098, 4.875762900001064, 5.042467100000067, 5.175789599999916, 5.350648900001033, 5.509017500000482, 6.559364200000346]"	32	"[0.2235820000005333, 0.37366020000081335, 0.5066921000016009, 0.6652436000003945, 0.8319715000016004, 0.9818606000008003, 1.1499023000014859, 1.3234451000007539, 1.4984775000011723, 1.6571554000001925, 1.8319347000015114, 2.0070285000001604, 2.20697250000012, 2.365134500001659, 2.5235019000010652, 2.6984876000005897, 2.881843500001196, 3.0570784000010462, 3.2070540000004257, 3.3653466000014305, 3.54859370000122, 3.74855960000059, 3.9158769000005123, 4.073609600000054, 4.248768700001165, 4.373787900000025, 4.715348000001541, 4.8737951000002795, 5.0404957000009745, 5.173821300000782, 5.348674000000756, 5.507051700000375]"	"[0.26486210000075516, 0.423192400001426, 0.598198700001376, 0.7484379000015906, 0.9065567000016017, 1.081572099999903, 1.23990970000159, 1.3982615000004444, 1.5651989000016329, 1.7400751000004675, 1.9400252000014007, 2.081632900000841, 2.2899633000015456, 2.4566712000014377, 2.623326500000985, 2.7983444000001327, 2.9650712000002386, 3.1316947000013897, 3.315060300001278, 3.4650516000001517, 3.6568392000008316, 3.8400791000003665, 4.015131300000576, 4.1734466000016255, 4.356792800001131, 4.490258499999982, 4.806851200000892, 4.956910800001424, 5.1318509000011545, 5.315203699999984, 5.440345700000762, 5.581883700000617]"	235.49913730000117	235.51271439999982	237.00455200000033									16	03	2024-02-08_11h29.44.527	BART_exp	2023.2.3	119.96967166738456	2024-02-08 11h30.03.067115 +0100	
balloon.png	49	0	27	27	11	237.0294926000006													237.00473170000078	237.0294926000006	237.0294926000006	237.0294926000006	237.0294926000006	237.0294926000006	0.006884399999762536	0.006884399999762536	0.006884399999762536	237.0294926000006	245.35680599999978	40	2.00	False	"[-0.012962962962962963, -0.012037037037037037, -0.011111111111111112, -0.011111111111111112, -0.011111111111111112, -0.011111111111111112, -0.011111111111111112, -0.011111111111111112, -0.011111111111111112, -0.011111111111111112, -0.011111111111111112, -0.011111111111111112, -0.011111111111111112, -0.011111111111111112, -0.011111111111111112, -0.011111111111111112, -0.011111111111111112, -0.011111111111111112, -0.011111111111111112, -0.011111111111111112, -0.011111111111111112, -0.011111111111111112, -0.011111111111111112, -0.011111111111111112, -0.011111111111111112, -0.011111111111111112, -0.011111111111111112, -0.011111111111111112, -0.011111111111111112, 0.001851851851851852, 0.003703703703703704, 0.003703703703703704, 0.003703703703703704, 0.003703703703703704, 0.003703703703703704, 0.003703703703703704, 0.003703703703703704, 0.003703703703703704, 0.003703703703703704, 0.003703703703703704, -0.8018518518518518]"	"[-0.3888888888888889, -0.38796296296296295, -0.38796296296296295, -0.387037037037037, -0.387037037037037, -0.387037037037037, -0.387037037037037, -0.387037037037037, -0.387037037037037, -0.387037037037037, -0.387037037037037, -0.387037037037037, -0.387037037037037, -0.387037037037037, -0.387037037037037, -0.387037037037037, -0.387037037037037, -0.387037037037037, -0.387037037037037, -0.387037037037037, -0.387037037037037, -0.387037037037037, -0.387037037037037, -0.387037037037037, -0.387037037037037, -0.387037037037037, -0.387037037037037, -0.387037037037037, -0.387037037037037, -0.38796296296296295, -0.38796296296296295, -0.38796296296296295, -0.38796296296296295, -0.38796296296296295, -0.38796296296296295, -0.38796296296296295, -0.38796296296296295, -0.38796296296296295, -0.38796296296296295, -0.38796296296296295, 0.4101851851851852]"	"[1, 1, 1, 1, 1, 1, 1, 1, 1, 1, 1, 1, 1, 1, 1, 1, 1, 1, 1, 1, 1, 1, 1, 1, 1, 1, 1, 1, 1, 1, 1, 1, 1, 1, 1, 1, 1, 1, 1, 1, 0]"	"[0, 0, 0, 0, 0, 0, 0, 0, 0, 0, 0, 0, 0, 0, 0, 0, 0, 0, 0, 0, 0, 0, 0, 0, 0, 0, 0, 0, 0, 0, 0, 0, 0, 0, 0, 0, 0, 0, 0, 0, 0]"	"[0, 0, 0, 0, 0, 0, 0, 0, 0, 0, 0, 0, 0, 0, 0, 0, 0, 0, 0, 0, 0, 0, 0, 0, 0, 0, 0, 0, 0, 0, 0, 0, 0, 0, 0, 0, 0, 0, 0, 0, 1]"	"[0.2920542000010755, 0.4587797000003775, 0.617106400000921, 0.7672774000002391, 0.9340047999994567, 1.0922451999995246, 1.2254577000003337, 1.367301199999929, 1.5173455000003742, 1.6756091000006563, 1.8422437000008358, 1.9922031000005518, 2.1423537000009674, 2.300676500000918, 2.4672609999997803, 2.625563300000067, 2.775748300000487, 2.934251000000586, 3.0842324000004737, 3.2506066000005376, 3.409042799999952, 3.534101400000509, 3.675634600000194, 4.025692299999719, 4.209196900001189, 4.35915820000082, 4.517528200000015, 4.650738600001205, 4.784228000000439, 5.309265300000334, 5.484258500000578, 5.634106800000154, 5.784136600001148, 5.934275999999954, 6.126114799999414, 6.250836499999423, 6.467503300000317, 6.759366000000227, 6.975878600000215, 7.317720299999564, 8.35111660000075]"	40	"[0.28086390000135, 0.44759110000086366, 0.6059164000016608, 0.7560874999999214, 0.9228243000015937, 1.0810576000003493, 1.2142704000016238, 1.356115200000204, 1.5061670000013692, 1.6644198000012693, 1.8310503000011522, 1.9810155000013765, 2.1311638000006496, 2.289488300000812, 2.4560695000000123, 2.614377100000638, 2.764555700001438, 2.9230599000002258, 3.0730488000008336, 3.2394157000017003, 3.3978529000014532, 3.5229122000000643, 3.664449500000046, 4.014507900001263, 4.198015400001168, 4.347977900000842, 4.506341500000417, 4.639551300000676, 4.773040400001264, 5.298079200001666, 5.473066900000049, 5.622917600001529, 5.772947000001295, 5.923083600000609, 6.1149323000008735, 6.239649300001474, 6.4563137000004645, 6.748177100000248, 6.964692500001547, 7.306531400001404]"	"[0.3640519000000495, 0.5057931000010285, 0.6725070000011328, 0.8390856000005442, 0.9808214000004227, 1.139126000000033, 1.2808037000013428, 1.4391803000016807, 1.5975317000011273, 1.739145900000949, 1.8808455000016693, 2.0475230000010924, 2.2058780000006664, 2.364228300000832, 2.5225696000015887, 2.6892757000005076, 2.855894400001489, 3.00608850000026, 3.15595360000043, 3.322645600001124, 3.455986800001483, 3.6226183000017045, 3.8810075000001234, 4.12266020000061, 4.264491300000373, 4.406034700001328, 4.564391900001283, 4.697752800000671, 4.856052900000577, 5.381070800000089, 5.547784700000193, 5.6978676000017, 5.864440400000603, 6.031166900000244, 6.19782750000013, 6.339507600001525, 6.514531500000885, 6.83118420000028, 7.056211600000097, 7.39801720000105]"	245.35811690000082	245.36341240000002	246.85538500000075	246.86354240000037								16	03	2024-02-08_11h29.44.527	BART_exp	2023.2.3	119.96967166738456	2024-02-08 11h30.03.067115 +0100	
balloon.png	5	0	28	28	1	246.86354240000037													246.85556569999972	246.86354240000037	246.86354240000037	246.86354240000037	246.86354240000037	246.86354240000037	0.0054882000003999565	0.0054882000003999565	0.0054882000003999565	246.86354240000037	248.5739693000014	6	0.25	True	"[-0.01574074074074074, -0.01574074074074074, -0.014814814814814815, -0.013888888888888888, -0.013888888888888888, -0.013888888888888888, -0.013888888888888888, -0.013888888888888888]"	"[-0.35, -0.35, -0.35833333333333334, -0.37222222222222223, -0.3731481481481482, -0.3731481481481482, -0.3731481481481482, -0.3731481481481482]"	"[1, 1, 1, 1, 1, 1, 1, 1]"	"[0, 0, 0, 0, 0, 0, 0, 0]"	"[0, 0, 0, 0, 0, 0, 0, 0]"	"[0.20862559999841324, 0.4838523999987956, 0.7670184999988123, 1.0171676999998454, 1.1670690999999351, 1.3172149999991234, 1.484058099998947, 1.625525800000105]"	6	"[0.7651616000002832, 1.0153155000007246, 1.1652078999995865, 1.3153593000006367, 1.4821972999998252, 1.6236644000000524]"	"[0.8900054000005184, 1.0733383000006143, 1.2150297999996837, 1.381786899999497, 1.5401498000010179, 1.7067215999995824]"	248.57470040000044	248.5803461000014	250.0723235000005	250.0887660999997								16	03	2024-02-08_11h29.44.527	BART_exp	2023.2.3	119.96967166738456	2024-02-08 11h30.03.067115 +0100	
balloon.png	57	0	29	29	13	250.0887660999997													250.07250080000085	250.0887660999997	250.0887660999997	250.0887660999997	250.0887660999997	250.0887660999997	-0.0009078000002773479	-0.0009078000002773479	-0.0009078000002773479	250.0887660999997	256.8242286000004	32	1.60	False	"[-0.013888888888888888, -0.013888888888888888, -0.013888888888888888, -0.013888888888888888, -0.013888888888888888, -0.013888888888888888, -0.013888888888888888, -0.013888888888888888, -0.013888888888888888, -0.013888888888888888, -0.013888888888888888, -0.013888888888888888, -0.013888888888888888, -0.013888888888888888, -0.013888888888888888, -0.013888888888888888, -0.013888888888888888, -0.013888888888888888, -0.013888888888888888, -0.013888888888888888, -0.013888888888888888, -0.013888888888888888, -0.013888888888888888, -0.013888888888888888, -0.013888888888888888, -0.013888888888888888, -0.013888888888888888, -0.013888888888888888, -0.013888888888888888, -0.013888888888888888, -0.013888888888888888, -0.013888888888888888, -0.7527777777777778]"	"[-0.3731481481481482, -0.3731481481481482, -0.3731481481481482, -0.3731481481481482, -0.3731481481481482, -0.3731481481481482, -0.3731481481481482, -0.3731481481481482, -0.3731481481481482, -0.3731481481481482, -0.3731481481481482, -0.3731481481481482, -0.3731481481481482, -0.3731481481481482, -0.3731481481481482, -0.3731481481481482, -0.3731481481481482, -0.3731481481481482, -0.3731481481481482, -0.3731481481481482, -0.3731481481481482, -0.3731481481481482, -0.3731481481481482, -0.3731481481481482, -0.3731481481481482, -0.3731481481481482, -0.3731481481481482, -0.3731481481481482, -0.3731481481481482, -0.3731481481481482, -0.3731481481481482, -0.3731481481481482, 0.39351851851851855]"	"[1, 1, 1, 1, 1, 1, 1, 1, 1, 1, 1, 1, 1, 1, 1, 1, 1, 1, 1, 1, 1, 1, 1, 1, 1, 1, 1, 1, 1, 1, 1, 1, 0]"	"[0, 0, 0, 0, 0, 0, 0, 0, 0, 0, 0, 0, 0, 0, 0, 0, 0, 0, 0, 0, 0, 0, 0, 0, 0, 0, 0, 0, 0, 0, 0, 0, 0]"	"[0, 0, 0, 0, 0, 0, 0, 0, 0, 0, 0, 0, 0, 0, 0, 0, 0, 0, 0, 0, 0, 0, 0, 0, 0, 0, 0, 0, 0, 0, 0, 0, 1]"	"[0.20877269999982673, 0.3922533000004478, 0.5419210000000021, 0.7087480999998661, 0.8671641999990243, 1.0587870999988809, 1.2171054999998887, 1.4087779999990744, 1.5921944999990956, 1.8004731000000902, 1.9087774999989051, 2.10046279999915, 2.242246099998738, 2.4171888999990188, 2.5587166999994224, 2.7254770999988978, 2.8673632999998517, 3.042259899999408, 3.20898920000036, 3.3754969999990863, 3.5421112999993056, 3.7255157999989024, 3.875858999999764, 4.050797599998987, 4.2092316999987816, 4.367173200000252, 4.5255562999991525, 4.650689299998703, 4.825683199998821, 5.250789800000348, 5.592387200000303, 5.783936599998924, 6.750784500000009]"	32	"[0.2050634999995964, 0.3885442000009789, 0.5382162000005337, 0.7050419999995938, 0.8634608000011212, 1.0550799000011466, 1.2133986000008008, 1.405069000000367, 1.5884860000005574, 1.7967633999996906, 1.9050695000005362, 2.0967572999998083, 2.238544499999989, 2.413482899999508, 2.5550065000006725, 2.7217813999995997, 2.8636569999998756, 3.038552600000912, 3.205282900000384, 3.3718054000000848, 3.5384011000005557, 3.721809000000576, 3.8721509000006336, 4.047089300000152, 4.205526699999609, 4.363468600000488, 4.521850200000699, 4.646979099999953, 4.82197670000096, 5.247090400000161, 5.588679599999523, 5.78022940000119]"	"[0.3047997000012401, 0.46319750000111526, 0.6297556999998051, 0.7799529000003531, 0.971543900001052, 1.1297642000008636, 1.313093700000536, 1.5131084000004194, 1.6965528000000631, 1.8798186000003625, 1.996467400000256, 2.1714853000012226, 2.3465226999996958, 2.4715510999994876, 2.646568500000285, 2.838195000000269, 2.9715847999996186, 3.1382210000010673, 3.3054109000004246, 3.4715918000001693, 3.6465851000011753, 3.805098500000895, 3.971674800000983, 4.130190900001253, 4.2967041000010795, 4.463311400000748, 4.571860500000184, 4.771749400000772, 4.880192599999646, 5.3634039999997185, 5.671745800000281, 5.8384360000000015]"	256.8257164000006	256.83088710000084	258.3228807000014	258.3310039000007								16	03	2024-02-08_11h29.44.527	BART_exp	2023.2.3	119.96967166738456	2024-02-08 11h30.03.067115 +0100	
																																														258.3229166000001	258.3310039000007	258.3310039000007	267.33213120000073	space	8.997804500000711	None	16	03	2024-02-08_11h29.44.527	BART_exp	2023.2.3	119.96967166738456	2024-02-08 11h30.03.067115 +0100	
